Bundesland,date,dritte_alle
Nordrhein-Westfalen,2020-12-29,1
Rheinland-Pfalz,2021-01-01,1
Nordrhein-Westfalen,2021-01-21,1
Baden-Württemberg,2021-01-26,4
Nordrhein-Westfalen,2021-02-01,1
Nordrhein-Westfalen,2021-02-04,1
Nordrhein-Westfalen,2021-02-09,1
Nordrhein-Westfalen,2021-02-18,1
Nordrhein-Westfalen,2021-02-24,1
Nordrhein-Westfalen,2021-02-25,1
Nordrhein-Westfalen,2021-02-26,1
Nordrhein-Westfalen,2021-02-28,1
Brandenburg,2021-02-28,12
Nordrhein-Westfalen,2021-03-04,1
Nordrhein-Westfalen,2021-03-05,1
Nordrhein-Westfalen,2021-03-09,1
Nordrhein-Westfalen,2021-03-10,2
Nordrhein-Westfalen,2021-03-11,1
Nordrhein-Westfalen,2021-03-14,2
Nordrhein-Westfalen,2021-03-19,1
Nordrhein-Westfalen,2021-03-20,1
Nordrhein-Westfalen,2021-03-22,3
Nordrhein-Westfalen,2021-03-25,1
Nordrhein-Westfalen,2021-03-26,1
Nordrhein-Westfalen,2021-03-30,2
Nordrhein-Westfalen,2021-03-31,1
Nordrhein-Westfalen,2021-04-02,1
Nordrhein-Westfalen,2021-04-05,4
Nordrhein-Westfalen,2021-04-06,5
Nordrhein-Westfalen,2021-04-07,1
Nordrhein-Westfalen,2021-04-08,3
Nordrhein-Westfalen,2021-04-12,2
Nordrhein-Westfalen,2021-04-13,2
Nordrhein-Westfalen,2021-04-14,2
Nordrhein-Westfalen,2021-04-16,2
Nordrhein-Westfalen,2021-04-17,1
Nordrhein-Westfalen,2021-04-18,2
Nordrhein-Westfalen,2021-04-19,4
Nordrhein-Westfalen,2021-04-20,2
Nordrhein-Westfalen,2021-04-21,1
Nordrhein-Westfalen,2021-04-22,3
Nordrhein-Westfalen,2021-04-23,1
Nordrhein-Westfalen,2021-04-27,6
Nordrhein-Westfalen,2021-04-28,1
Nordrhein-Westfalen,2021-04-29,2
Nordrhein-Westfalen,2021-05-01,5
Nordrhein-Westfalen,2021-05-02,2
Nordrhein-Westfalen,2021-05-03,3
Nordrhein-Westfalen,2021-05-04,2
Nordrhein-Westfalen,2021-05-05,1
Nordrhein-Westfalen,2021-05-06,4
Nordrhein-Westfalen,2021-05-07,3
Rheinland-Pfalz,2021-05-07,1
Nordrhein-Westfalen,2021-05-08,2
Nordrhein-Westfalen,2021-05-10,4
Nordrhein-Westfalen,2021-05-11,1
Nordrhein-Westfalen,2021-05-12,2
Nordrhein-Westfalen,2021-05-13,2
Nordrhein-Westfalen,2021-05-14,1
Nordrhein-Westfalen,2021-05-15,2
Nordrhein-Westfalen,2021-05-17,4
Nordrhein-Westfalen,2021-05-18,3
Nordrhein-Westfalen,2021-05-19,3
Nordrhein-Westfalen,2021-05-20,2
Nordrhein-Westfalen,2021-05-21,2
Nordrhein-Westfalen,2021-05-22,3
Nordrhein-Westfalen,2021-05-23,2
Nordrhein-Westfalen,2021-05-24,6
Nordrhein-Westfalen,2021-05-25,3
Nordrhein-Westfalen,2021-05-26,4
Nordrhein-Westfalen,2021-05-27,5
Nordrhein-Westfalen,2021-05-28,2
Nordrhein-Westfalen,2021-05-29,5
Nordrhein-Westfalen,2021-05-30,1
Nordrhein-Westfalen,2021-06-01,2
Nordrhein-Westfalen,2021-06-02,1
Nordrhein-Westfalen,2021-06-03,1
Nordrhein-Westfalen,2021-06-04,1
Niedersachsen,2021-06-08,5
Mecklenburg-Vorpommern,2021-06-08,1
Nordrhein-Westfalen,2021-06-09,5
Nordrhein-Westfalen,2021-06-10,1
Baden-Württemberg,2021-06-10,1
Nordrhein-Westfalen,2021-06-11,2
Bayern,2021-06-11,1
Nordrhein-Westfalen,2021-06-12,1
Nordrhein-Westfalen,2021-06-14,1
Brandenburg,2021-06-16,10
Nordrhein-Westfalen,2021-06-18,2
Baden-Württemberg,2021-06-18,4
Nordrhein-Westfalen,2021-06-19,1
Rheinland-Pfalz,2021-06-21,1
Niedersachsen,2021-06-22,1
Nordrhein-Westfalen,2021-06-22,2
Hessen,2021-06-22,1
Nordrhein-Westfalen,2021-06-23,2
Nordrhein-Westfalen,2021-06-24,2
Nordrhein-Westfalen,2021-06-25,6
Rheinland-Pfalz,2021-06-25,1
Nordrhein-Westfalen,2021-06-26,4
Nordrhein-Westfalen,2021-06-27,3
Baden-Württemberg,2021-06-27,1
Nordrhein-Westfalen,2021-06-28,1
Nordrhein-Westfalen,2021-06-30,5
Hessen,2021-06-30,1
Nordrhein-Westfalen,2021-07-01,7
Niedersachsen,2021-07-02,1
Nordrhein-Westfalen,2021-07-02,2
Nordrhein-Westfalen,2021-07-03,6
Nordrhein-Westfalen,2021-07-04,5
Nordrhein-Westfalen,2021-07-05,8
Nordrhein-Westfalen,2021-07-06,4
Bayern,2021-07-06,1
Nordrhein-Westfalen,2021-07-07,6
Baden-Württemberg,2021-07-07,1
Nordrhein-Westfalen,2021-07-08,9
Baden-Württemberg,2021-07-08,1
Bayern,2021-07-08,1
Nordrhein-Westfalen,2021-07-09,8
Baden-Württemberg,2021-07-09,1
Nordrhein-Westfalen,2021-07-10,5
Nordrhein-Westfalen,2021-07-11,5
Nordrhein-Westfalen,2021-07-12,10
Hessen,2021-07-12,1
Nordrhein-Westfalen,2021-07-13,14
Nordrhein-Westfalen,2021-07-14,8
Bayern,2021-07-14,1
Nordrhein-Westfalen,2021-07-15,6
Baden-Württemberg,2021-07-15,1
Nordrhein-Westfalen,2021-07-16,12
Baden-Württemberg,2021-07-16,1
Bayern,2021-07-16,1
Nordrhein-Westfalen,2021-07-17,5
Saarland,2021-07-17,1
Nordrhein-Westfalen,2021-07-18,5
Schleswig-Holstein,2021-07-19,1
Nordrhein-Westfalen,2021-07-19,8
Rheinland-Pfalz,2021-07-19,1
Baden-Württemberg,2021-07-19,1
Niedersachsen,2021-07-20,14
Nordrhein-Westfalen,2021-07-20,7
Hessen,2021-07-20,1
Baden-Württemberg,2021-07-20,4
Nordrhein-Westfalen,2021-07-21,1
Baden-Württemberg,2021-07-21,1
Bayern,2021-07-21,2
Nordrhein-Westfalen,2021-07-22,16
Rheinland-Pfalz,2021-07-22,1
Bayern,2021-07-22,1
Nordrhein-Westfalen,2021-07-23,16
Rheinland-Pfalz,2021-07-23,3
Baden-Württemberg,2021-07-23,2
Nordrhein-Westfalen,2021-07-24,19
Hessen,2021-07-24,1
Rheinland-Pfalz,2021-07-24,1
Baden-Württemberg,2021-07-24,1
Nordrhein-Westfalen,2021-07-25,5
Hessen,2021-07-25,1
Nordrhein-Westfalen,2021-07-26,14
Hessen,2021-07-26,2
Thüringen,2021-07-26,1
Nordrhein-Westfalen,2021-07-27,49
Baden-Württemberg,2021-07-27,1
Niedersachsen,2021-07-28,2
Nordrhein-Westfalen,2021-07-28,120
Hessen,2021-07-28,3
Rheinland-Pfalz,2021-07-28,2
Baden-Württemberg,2021-07-28,2
Nordrhein-Westfalen,2021-07-29,119
Hessen,2021-07-29,1
Baden-Württemberg,2021-07-29,1
Bayern,2021-07-29,2
Saarland,2021-07-29,3
Nordrhein-Westfalen,2021-07-30,180
Baden-Württemberg,2021-07-30,4
Bayern,2021-07-30,1
Niedersachsen,2021-07-31,3
Nordrhein-Westfalen,2021-07-31,177
Hessen,2021-07-31,1
Baden-Württemberg,2021-07-31,3
Nordrhein-Westfalen,2021-08-01,170
Bayern,2021-08-01,1
Nordrhein-Westfalen,2021-08-02,150
Rheinland-Pfalz,2021-08-02,1
Bayern,2021-08-02,1
Hamburg,2021-08-03,1
Niedersachsen,2021-08-03,1
Nordrhein-Westfalen,2021-08-03,171
Hessen,2021-08-03,4
Rheinland-Pfalz,2021-08-03,10
Bayern,2021-08-03,40
Mecklenburg-Vorpommern,2021-08-03,1
Niedersachsen,2021-08-04,2
Nordrhein-Westfalen,2021-08-04,221
Hessen,2021-08-04,2
Rheinland-Pfalz,2021-08-04,3
Baden-Württemberg,2021-08-04,4
Bayern,2021-08-04,31
Nordrhein-Westfalen,2021-08-05,209
Hessen,2021-08-05,2
Rheinland-Pfalz,2021-08-05,3
Baden-Württemberg,2021-08-05,4
Berlin,2021-08-05,1
Schleswig-Holstein,2021-08-06,1
Hamburg,2021-08-06,1
Nordrhein-Westfalen,2021-08-06,237
Hessen,2021-08-06,4
Rheinland-Pfalz,2021-08-06,2
Bayern,2021-08-06,6
Mecklenburg-Vorpommern,2021-08-06,4
Nordrhein-Westfalen,2021-08-07,164
Rheinland-Pfalz,2021-08-07,6
Baden-Württemberg,2021-08-07,7
Nordrhein-Westfalen,2021-08-08,139
Hessen,2021-08-08,2
Baden-Württemberg,2021-08-08,1
Hamburg,2021-08-09,1
Nordrhein-Westfalen,2021-08-09,285
Hessen,2021-08-09,2
Rheinland-Pfalz,2021-08-09,1
Baden-Württemberg,2021-08-09,1
Nordrhein-Westfalen,2021-08-10,201
Hessen,2021-08-10,1
Rheinland-Pfalz,2021-08-10,1
Niedersachsen,2021-08-11,1
Nordrhein-Westfalen,2021-08-11,297
Hessen,2021-08-11,7
Rheinland-Pfalz,2021-08-11,10
Baden-Württemberg,2021-08-11,3
Bayern,2021-08-11,2
Sachsen,2021-08-11,2
Niedersachsen,2021-08-12,1
Nordrhein-Westfalen,2021-08-12,260
Hessen,2021-08-12,4
Rheinland-Pfalz,2021-08-12,1
Baden-Württemberg,2021-08-12,2
Bayern,2021-08-12,3
Brandenburg,2021-08-12,84
Niedersachsen,2021-08-13,11
Bremen,2021-08-13,1
Nordrhein-Westfalen,2021-08-13,323
Hessen,2021-08-13,5
Rheinland-Pfalz,2021-08-13,4
Baden-Württemberg,2021-08-13,1
Bayern,2021-08-13,3
Brandenburg,2021-08-13,45
Mecklenburg-Vorpommern,2021-08-13,5
Schleswig-Holstein,2021-08-14,5
Niedersachsen,2021-08-14,2
Nordrhein-Westfalen,2021-08-14,260
Rheinland-Pfalz,2021-08-14,3
Baden-Württemberg,2021-08-14,1
Mecklenburg-Vorpommern,2021-08-14,1
Nordrhein-Westfalen,2021-08-15,179
Hessen,2021-08-15,2
Rheinland-Pfalz,2021-08-15,1
Baden-Württemberg,2021-08-15,1
Niedersachsen,2021-08-16,1
Bremen,2021-08-16,1
Nordrhein-Westfalen,2021-08-16,219
Hessen,2021-08-16,9
Rheinland-Pfalz,2021-08-16,1
Baden-Württemberg,2021-08-16,1
Bayern,2021-08-16,2
Mecklenburg-Vorpommern,2021-08-16,1
Niedersachsen,2021-08-17,5
Nordrhein-Westfalen,2021-08-17,219
Hessen,2021-08-17,2
Rheinland-Pfalz,2021-08-17,3
Baden-Württemberg,2021-08-17,8
Bayern,2021-08-17,6
Brandenburg,2021-08-17,2
Hamburg,2021-08-18,4
Niedersachsen,2021-08-18,3
Nordrhein-Westfalen,2021-08-18,277
Hessen,2021-08-18,7
Rheinland-Pfalz,2021-08-18,7
Baden-Württemberg,2021-08-18,12
Bayern,2021-08-18,1
Brandenburg,2021-08-18,1
Mecklenburg-Vorpommern,2021-08-18,2
Sachsen,2021-08-18,1
Hamburg,2021-08-19,2
Niedersachsen,2021-08-19,4
Bremen,2021-08-19,2
Nordrhein-Westfalen,2021-08-19,258
Hessen,2021-08-19,7
Rheinland-Pfalz,2021-08-19,2
Baden-Württemberg,2021-08-19,19
Bayern,2021-08-19,2
Brandenburg,2021-08-19,39
Mecklenburg-Vorpommern,2021-08-19,35
Sachsen,2021-08-19,3
Niedersachsen,2021-08-20,3
Nordrhein-Westfalen,2021-08-20,415
Hessen,2021-08-20,11
Rheinland-Pfalz,2021-08-20,3
Baden-Württemberg,2021-08-20,10
Bayern,2021-08-20,3
Sachsen-Anhalt,2021-08-20,2
Thüringen,2021-08-20,1
Nordrhein-Westfalen,2021-08-21,351
Hessen,2021-08-21,1
Rheinland-Pfalz,2021-08-21,1
Baden-Württemberg,2021-08-21,6
Schleswig-Holstein,2021-08-22,3
Bremen,2021-08-22,1
Nordrhein-Westfalen,2021-08-22,261
Hessen,2021-08-22,70
Baden-Württemberg,2021-08-22,17
Bayern,2021-08-22,1
Schleswig-Holstein,2021-08-23,1
Niedersachsen,2021-08-23,1
Nordrhein-Westfalen,2021-08-23,303
Hessen,2021-08-23,13
Rheinland-Pfalz,2021-08-23,4
Baden-Württemberg,2021-08-23,9
Bayern,2021-08-23,6
Thüringen,2021-08-23,2
Hamburg,2021-08-24,6
Niedersachsen,2021-08-24,5
Nordrhein-Westfalen,2021-08-24,407
Hessen,2021-08-24,6
Rheinland-Pfalz,2021-08-24,2
Baden-Württemberg,2021-08-24,20
Bayern,2021-08-24,31
Sachsen,2021-08-24,4
Schleswig-Holstein,2021-08-25,50
Hamburg,2021-08-25,6
Niedersachsen,2021-08-25,2
Nordrhein-Westfalen,2021-08-25,369
Hessen,2021-08-25,11
Rheinland-Pfalz,2021-08-25,2
Baden-Württemberg,2021-08-25,83
Bayern,2021-08-25,5
Brandenburg,2021-08-25,5
Mecklenburg-Vorpommern,2021-08-25,2
Thüringen,2021-08-25,1
Schleswig-Holstein,2021-08-26,56
Niedersachsen,2021-08-26,5
Bremen,2021-08-26,2
Nordrhein-Westfalen,2021-08-26,386
Hessen,2021-08-26,10
Rheinland-Pfalz,2021-08-26,3
Baden-Württemberg,2021-08-26,88
Bayern,2021-08-26,37
Berlin,2021-08-26,1
Brandenburg,2021-08-26,10
Sachsen-Anhalt,2021-08-26,3
Thüringen,2021-08-26,2
NA,2021-08-26,2
Schleswig-Holstein,2021-08-27,493
Hamburg,2021-08-27,6
Niedersachsen,2021-08-27,11
Nordrhein-Westfalen,2021-08-27,445
Hessen,2021-08-27,39
Rheinland-Pfalz,2021-08-27,12
Baden-Württemberg,2021-08-27,168
Bayern,2021-08-27,43
Saarland,2021-08-27,1
Berlin,2021-08-27,5
Brandenburg,2021-08-27,2
Sachsen-Anhalt,2021-08-27,1
Schleswig-Holstein,2021-08-28,306
Hamburg,2021-08-28,1
Niedersachsen,2021-08-28,2
Nordrhein-Westfalen,2021-08-28,355
Hessen,2021-08-28,24
Rheinland-Pfalz,2021-08-28,6
Baden-Württemberg,2021-08-28,103
Bayern,2021-08-28,10
Brandenburg,2021-08-28,5
Sachsen-Anhalt,2021-08-28,1
Thüringen,2021-08-28,3
Schleswig-Holstein,2021-08-29,324
Nordrhein-Westfalen,2021-08-29,296
Hessen,2021-08-29,27
Baden-Württemberg,2021-08-29,126
Sachsen,2021-08-29,1
Schleswig-Holstein,2021-08-30,40
Hamburg,2021-08-30,99
Niedersachsen,2021-08-30,65
Bremen,2021-08-30,3
Nordrhein-Westfalen,2021-08-30,906
Hessen,2021-08-30,152
Rheinland-Pfalz,2021-08-30,28
Baden-Württemberg,2021-08-30,229
Bayern,2021-08-30,373
Saarland,2021-08-30,2
Berlin,2021-08-30,33
Brandenburg,2021-08-30,33
Mecklenburg-Vorpommern,2021-08-30,7
Sachsen,2021-08-30,14
Sachsen-Anhalt,2021-08-30,165
Thüringen,2021-08-30,4
Schleswig-Holstein,2021-08-31,6
Hamburg,2021-08-31,149
Niedersachsen,2021-08-31,149
Bremen,2021-08-31,19
Nordrhein-Westfalen,2021-08-31,1501
Hessen,2021-08-31,151
Rheinland-Pfalz,2021-08-31,77
Baden-Württemberg,2021-08-31,467
Bayern,2021-08-31,736
Saarland,2021-08-31,19
Berlin,2021-08-31,144
Brandenburg,2021-08-31,30
Mecklenburg-Vorpommern,2021-08-31,30
Sachsen,2021-08-31,11
Sachsen-Anhalt,2021-08-31,152
Thüringen,2021-08-31,24
Schleswig-Holstein,2021-09-01,1736
Hamburg,2021-09-01,138
Niedersachsen,2021-09-01,239
Bremen,2021-09-01,14
Nordrhein-Westfalen,2021-09-01,4908
Hessen,2021-09-01,1053
Rheinland-Pfalz,2021-09-01,564
Baden-Württemberg,2021-09-01,3496
Bayern,2021-09-01,2081
Saarland,2021-09-01,41
Berlin,2021-09-01,568
Brandenburg,2021-09-01,142
Mecklenburg-Vorpommern,2021-09-01,160
Sachsen,2021-09-01,83
Sachsen-Anhalt,2021-09-01,373
Thüringen,2021-09-01,107
Schleswig-Holstein,2021-09-02,494
Hamburg,2021-09-02,194
Niedersachsen,2021-09-02,651
Bremen,2021-09-02,24
Nordrhein-Westfalen,2021-09-02,5663
Hessen,2021-09-02,1163
Rheinland-Pfalz,2021-09-02,626
Baden-Württemberg,2021-09-02,4045
Bayern,2021-09-02,2404
Saarland,2021-09-02,68
Berlin,2021-09-02,578
Brandenburg,2021-09-02,528
Mecklenburg-Vorpommern,2021-09-02,88
Sachsen,2021-09-02,108
Sachsen-Anhalt,2021-09-02,462
Thüringen,2021-09-02,159
NA,2021-09-02,12
Schleswig-Holstein,2021-09-03,1674
Hamburg,2021-09-03,84
Niedersachsen,2021-09-03,446
Bremen,2021-09-03,28
Nordrhein-Westfalen,2021-09-03,4232
Hessen,2021-09-03,1202
Rheinland-Pfalz,2021-09-03,638
Baden-Württemberg,2021-09-03,3081
Bayern,2021-09-03,2024
Saarland,2021-09-03,50
Berlin,2021-09-03,507
Brandenburg,2021-09-03,366
Mecklenburg-Vorpommern,2021-09-03,49
Sachsen,2021-09-03,407
Sachsen-Anhalt,2021-09-03,699
Thüringen,2021-09-03,878
Schleswig-Holstein,2021-09-04,310
Hamburg,2021-09-04,2
Niedersachsen,2021-09-04,9
Bremen,2021-09-04,4
Nordrhein-Westfalen,2021-09-04,1290
Hessen,2021-09-04,329
Rheinland-Pfalz,2021-09-04,145
Baden-Württemberg,2021-09-04,1616
Bayern,2021-09-04,423
Berlin,2021-09-04,160
Brandenburg,2021-09-04,39
Mecklenburg-Vorpommern,2021-09-04,53
Sachsen,2021-09-04,135
Sachsen-Anhalt,2021-09-04,53
Thüringen,2021-09-04,89
Schleswig-Holstein,2021-09-05,306
Hamburg,2021-09-05,1
Niedersachsen,2021-09-05,38
Bremen,2021-09-05,1
Nordrhein-Westfalen,2021-09-05,740
Hessen,2021-09-05,513
Rheinland-Pfalz,2021-09-05,12
Baden-Württemberg,2021-09-05,1180
Bayern,2021-09-05,222
Berlin,2021-09-05,31
Brandenburg,2021-09-05,2
Mecklenburg-Vorpommern,2021-09-05,2
Sachsen,2021-09-05,91
Sachsen-Anhalt,2021-09-05,6
Thüringen,2021-09-05,196
Schleswig-Holstein,2021-09-06,314
Hamburg,2021-09-06,114
Niedersachsen,2021-09-06,284
Bremen,2021-09-06,585
Nordrhein-Westfalen,2021-09-06,3113
Hessen,2021-09-06,1650
Rheinland-Pfalz,2021-09-06,442
Baden-Württemberg,2021-09-06,3783
Bayern,2021-09-06,2067
Saarland,2021-09-06,283
Berlin,2021-09-06,544
Brandenburg,2021-09-06,80
Mecklenburg-Vorpommern,2021-09-06,93
Sachsen,2021-09-06,281
Sachsen-Anhalt,2021-09-06,760
Thüringen,2021-09-06,756
Schleswig-Holstein,2021-09-07,1047
Hamburg,2021-09-07,261
Niedersachsen,2021-09-07,722
Bremen,2021-09-07,441
Nordrhein-Westfalen,2021-09-07,6269
Hessen,2021-09-07,1835
Rheinland-Pfalz,2021-09-07,1043
Baden-Württemberg,2021-09-07,4440
Bayern,2021-09-07,2924
Saarland,2021-09-07,313
Berlin,2021-09-07,890
Brandenburg,2021-09-07,534
Mecklenburg-Vorpommern,2021-09-07,124
Sachsen,2021-09-07,396
Sachsen-Anhalt,2021-09-07,862
Thüringen,2021-09-07,801
NA,2021-09-07,4
Schleswig-Holstein,2021-09-08,2110
Hamburg,2021-09-08,366
Niedersachsen,2021-09-08,806
Bremen,2021-09-08,587
Nordrhein-Westfalen,2021-09-08,7092
Hessen,2021-09-08,2418
Rheinland-Pfalz,2021-09-08,1418
Baden-Württemberg,2021-09-08,4694
Bayern,2021-09-08,3026
Saarland,2021-09-08,314
Berlin,2021-09-08,1209
Brandenburg,2021-09-08,342
Mecklenburg-Vorpommern,2021-09-08,293
Sachsen,2021-09-08,505
Sachsen-Anhalt,2021-09-08,1206
Thüringen,2021-09-08,644
NA,2021-09-08,13
Schleswig-Holstein,2021-09-09,1848
Hamburg,2021-09-09,376
Niedersachsen,2021-09-09,911
Bremen,2021-09-09,561
Nordrhein-Westfalen,2021-09-09,7621
Hessen,2021-09-09,2223
Rheinland-Pfalz,2021-09-09,1810
Baden-Württemberg,2021-09-09,4666
Bayern,2021-09-09,4162
Saarland,2021-09-09,342
Berlin,2021-09-09,1295
Brandenburg,2021-09-09,637
Mecklenburg-Vorpommern,2021-09-09,257
Sachsen,2021-09-09,481
Sachsen-Anhalt,2021-09-09,974
Thüringen,2021-09-09,561
NA,2021-09-09,25
Schleswig-Holstein,2021-09-10,960
Hamburg,2021-09-10,146
Niedersachsen,2021-09-10,697
Bremen,2021-09-10,616
Nordrhein-Westfalen,2021-09-10,5717
Hessen,2021-09-10,2080
Rheinland-Pfalz,2021-09-10,1263
Baden-Württemberg,2021-09-10,3673
Bayern,2021-09-10,2634
Saarland,2021-09-10,322
Berlin,2021-09-10,1293
Brandenburg,2021-09-10,586
Mecklenburg-Vorpommern,2021-09-10,145
Sachsen,2021-09-10,452
Sachsen-Anhalt,2021-09-10,367
Thüringen,2021-09-10,885
NA,2021-09-10,1
Schleswig-Holstein,2021-09-11,683
Hamburg,2021-09-11,3
Niedersachsen,2021-09-11,46
Bremen,2021-09-11,6
Nordrhein-Westfalen,2021-09-11,1117
Hessen,2021-09-11,609
Rheinland-Pfalz,2021-09-11,204
Baden-Württemberg,2021-09-11,1716
Bayern,2021-09-11,924
Saarland,2021-09-11,23
Berlin,2021-09-11,463
Brandenburg,2021-09-11,21
Mecklenburg-Vorpommern,2021-09-11,2
Sachsen,2021-09-11,131
Sachsen-Anhalt,2021-09-11,86
Thüringen,2021-09-11,163
Schleswig-Holstein,2021-09-12,638
Niedersachsen,2021-09-12,88
Bremen,2021-09-12,18
Nordrhein-Westfalen,2021-09-12,712
Hessen,2021-09-12,605
Rheinland-Pfalz,2021-09-12,27
Baden-Württemberg,2021-09-12,1312
Bayern,2021-09-12,542
Saarland,2021-09-12,3
Berlin,2021-09-12,472
Mecklenburg-Vorpommern,2021-09-12,1
Sachsen,2021-09-12,97
Sachsen-Anhalt,2021-09-12,21
Thüringen,2021-09-12,38
Schleswig-Holstein,2021-09-13,1043
Hamburg,2021-09-13,67
Niedersachsen,2021-09-13,456
Bremen,2021-09-13,456
Nordrhein-Westfalen,2021-09-13,4434
Hessen,2021-09-13,2573
Rheinland-Pfalz,2021-09-13,1187
Baden-Württemberg,2021-09-13,3888
Bayern,2021-09-13,2452
Saarland,2021-09-13,158
Berlin,2021-09-13,2387
Brandenburg,2021-09-13,190
Mecklenburg-Vorpommern,2021-09-13,264
Sachsen,2021-09-13,383
Sachsen-Anhalt,2021-09-13,755
Thüringen,2021-09-13,371
NA,2021-09-13,1
Schleswig-Holstein,2021-09-14,1740
Hamburg,2021-09-14,471
Niedersachsen,2021-09-14,1321
Bremen,2021-09-14,534
Nordrhein-Westfalen,2021-09-14,8021
Hessen,2021-09-14,2598
Rheinland-Pfalz,2021-09-14,1873
Baden-Württemberg,2021-09-14,5486
Bayern,2021-09-14,4630
Saarland,2021-09-14,417
Berlin,2021-09-14,2915
Brandenburg,2021-09-14,320
Mecklenburg-Vorpommern,2021-09-14,492
Sachsen,2021-09-14,712
Sachsen-Anhalt,2021-09-14,1093
Thüringen,2021-09-14,572
NA,2021-09-14,3
Schleswig-Holstein,2021-09-15,3431
Hamburg,2021-09-15,480
Niedersachsen,2021-09-15,1320
Bremen,2021-09-15,697
Nordrhein-Westfalen,2021-09-15,9308
Hessen,2021-09-15,3909
Rheinland-Pfalz,2021-09-15,2640
Baden-Württemberg,2021-09-15,6451
Bayern,2021-09-15,4648
Saarland,2021-09-15,329
Berlin,2021-09-15,3949
Brandenburg,2021-09-15,481
Mecklenburg-Vorpommern,2021-09-15,462
Sachsen,2021-09-15,763
Sachsen-Anhalt,2021-09-15,1181
Thüringen,2021-09-15,1084
NA,2021-09-15,10
Schleswig-Holstein,2021-09-16,2569
Hamburg,2021-09-16,550
Niedersachsen,2021-09-16,1512
Bremen,2021-09-16,788
Nordrhein-Westfalen,2021-09-16,11231
Hessen,2021-09-16,3288
Rheinland-Pfalz,2021-09-16,2440
Baden-Württemberg,2021-09-16,6273
Bayern,2021-09-16,4654
Saarland,2021-09-16,567
Berlin,2021-09-16,3599
Brandenburg,2021-09-16,966
Mecklenburg-Vorpommern,2021-09-16,667
Sachsen,2021-09-16,847
Sachsen-Anhalt,2021-09-16,1230
Thüringen,2021-09-16,1020
NA,2021-09-16,31
Schleswig-Holstein,2021-09-17,1580
Hamburg,2021-09-17,457
Niedersachsen,2021-09-17,1407
Bremen,2021-09-17,588
Nordrhein-Westfalen,2021-09-17,7365
Hessen,2021-09-17,3104
Rheinland-Pfalz,2021-09-17,2050
Baden-Württemberg,2021-09-17,5289
Bayern,2021-09-17,3503
Saarland,2021-09-17,367
Berlin,2021-09-17,3098
Brandenburg,2021-09-17,719
Mecklenburg-Vorpommern,2021-09-17,270
Sachsen,2021-09-17,468
Sachsen-Anhalt,2021-09-17,589
Thüringen,2021-09-17,769
NA,2021-09-17,1
Schleswig-Holstein,2021-09-18,658
Hamburg,2021-09-18,9
Niedersachsen,2021-09-18,53
Bremen,2021-09-18,97
Nordrhein-Westfalen,2021-09-18,1772
Hessen,2021-09-18,769
Rheinland-Pfalz,2021-09-18,326
Baden-Württemberg,2021-09-18,2146
Bayern,2021-09-18,940
Saarland,2021-09-18,36
Berlin,2021-09-18,708
Brandenburg,2021-09-18,36
Sachsen,2021-09-18,169
Sachsen-Anhalt,2021-09-18,73
Thüringen,2021-09-18,122
Schleswig-Holstein,2021-09-19,619
Hamburg,2021-09-19,12
Niedersachsen,2021-09-19,43
Bremen,2021-09-19,110
Nordrhein-Westfalen,2021-09-19,1033
Hessen,2021-09-19,525
Rheinland-Pfalz,2021-09-19,58
Baden-Württemberg,2021-09-19,1569
Bayern,2021-09-19,415
Berlin,2021-09-19,454
Brandenburg,2021-09-19,3
Mecklenburg-Vorpommern,2021-09-19,22
Sachsen,2021-09-19,113
Sachsen-Anhalt,2021-09-19,3
Thüringen,2021-09-19,524
Schleswig-Holstein,2021-09-20,1089
Hamburg,2021-09-20,206
Niedersachsen,2021-09-20,832
Bremen,2021-09-20,462
Nordrhein-Westfalen,2021-09-20,4528
Hessen,2021-09-20,2962
Rheinland-Pfalz,2021-09-20,1985
Baden-Württemberg,2021-09-20,4431
Bayern,2021-09-20,2847
Saarland,2021-09-20,229
Berlin,2021-09-20,2877
Brandenburg,2021-09-20,284
Mecklenburg-Vorpommern,2021-09-20,708
Sachsen,2021-09-20,511
Sachsen-Anhalt,2021-09-20,799
Thüringen,2021-09-20,329
NA,2021-09-20,2
Schleswig-Holstein,2021-09-21,1986
Hamburg,2021-09-21,384
Niedersachsen,2021-09-21,2510
Bremen,2021-09-21,546
Nordrhein-Westfalen,2021-09-21,9486
Hessen,2021-09-21,4021
Rheinland-Pfalz,2021-09-21,3075
Baden-Württemberg,2021-09-21,6300
Bayern,2021-09-21,5555
Saarland,2021-09-21,446
Berlin,2021-09-21,3730
Brandenburg,2021-09-21,725
Mecklenburg-Vorpommern,2021-09-21,989
Sachsen,2021-09-21,940
Sachsen-Anhalt,2021-09-21,1102
Thüringen,2021-09-21,663
Schleswig-Holstein,2021-09-22,3894
Hamburg,2021-09-22,1037
Niedersachsen,2021-09-22,2879
Bremen,2021-09-22,474
Nordrhein-Westfalen,2021-09-22,12371
Hessen,2021-09-22,5039
Rheinland-Pfalz,2021-09-22,3658
Baden-Württemberg,2021-09-22,8069
Bayern,2021-09-22,5624
Saarland,2021-09-22,510
Berlin,2021-09-22,3943
Brandenburg,2021-09-22,894
Mecklenburg-Vorpommern,2021-09-22,714
Sachsen,2021-09-22,920
Sachsen-Anhalt,2021-09-22,1437
Thüringen,2021-09-22,1354
NA,2021-09-22,3
Schleswig-Holstein,2021-09-23,3653
Hamburg,2021-09-23,528
Niedersachsen,2021-09-23,2932
Bremen,2021-09-23,502
Nordrhein-Westfalen,2021-09-23,13436
Hessen,2021-09-23,3829
Rheinland-Pfalz,2021-09-23,3603
Baden-Württemberg,2021-09-23,7513
Bayern,2021-09-23,6039
Saarland,2021-09-23,417
Berlin,2021-09-23,3524
Brandenburg,2021-09-23,1514
Mecklenburg-Vorpommern,2021-09-23,984
Sachsen,2021-09-23,1261
Sachsen-Anhalt,2021-09-23,2148
Thüringen,2021-09-23,1036
NA,2021-09-23,44
Schleswig-Holstein,2021-09-24,2088
Hamburg,2021-09-24,622
Niedersachsen,2021-09-24,2164
Bremen,2021-09-24,461
Nordrhein-Westfalen,2021-09-24,9720
Hessen,2021-09-24,3118
Rheinland-Pfalz,2021-09-24,2905
Baden-Württemberg,2021-09-24,5885
Bayern,2021-09-24,4186
Saarland,2021-09-24,353
Berlin,2021-09-24,2788
Brandenburg,2021-09-24,989
Mecklenburg-Vorpommern,2021-09-24,581
Sachsen,2021-09-24,804
Sachsen-Anhalt,2021-09-24,867
Thüringen,2021-09-24,637
NA,2021-09-24,2
Schleswig-Holstein,2021-09-25,840
Hamburg,2021-09-25,26
Niedersachsen,2021-09-25,108
Bremen,2021-09-25,82
Nordrhein-Westfalen,2021-09-25,2038
Hessen,2021-09-25,996
Rheinland-Pfalz,2021-09-25,611
Baden-Württemberg,2021-09-25,2225
Bayern,2021-09-25,1024
Saarland,2021-09-25,42
Berlin,2021-09-25,510
Brandenburg,2021-09-25,101
Mecklenburg-Vorpommern,2021-09-25,3
Sachsen,2021-09-25,284
Sachsen-Anhalt,2021-09-25,42
Thüringen,2021-09-25,121
NA,2021-09-25,3
Schleswig-Holstein,2021-09-26,1083
Hamburg,2021-09-26,2
Niedersachsen,2021-09-26,87
Bremen,2021-09-26,76
Nordrhein-Westfalen,2021-09-26,1097
Hessen,2021-09-26,613
Rheinland-Pfalz,2021-09-26,245
Baden-Württemberg,2021-09-26,2015
Bayern,2021-09-26,308
Saarland,2021-09-26,12
Berlin,2021-09-26,237
Brandenburg,2021-09-26,19
Mecklenburg-Vorpommern,2021-09-26,7
Sachsen,2021-09-26,109
Sachsen-Anhalt,2021-09-26,2
Thüringen,2021-09-26,16
Schleswig-Holstein,2021-09-27,692
Hamburg,2021-09-27,314
Niedersachsen,2021-09-27,1253
Bremen,2021-09-27,496
Nordrhein-Westfalen,2021-09-27,6374
Hessen,2021-09-27,2661
Rheinland-Pfalz,2021-09-27,1760
Baden-Württemberg,2021-09-27,5003
Bayern,2021-09-27,3277
Saarland,2021-09-27,487
Berlin,2021-09-27,2516
Brandenburg,2021-09-27,288
Mecklenburg-Vorpommern,2021-09-27,601
Sachsen,2021-09-27,826
Sachsen-Anhalt,2021-09-27,1105
Thüringen,2021-09-27,411
NA,2021-09-27,4
Schleswig-Holstein,2021-09-28,2386
Hamburg,2021-09-28,770
Niedersachsen,2021-09-28,2660
Bremen,2021-09-28,576
Nordrhein-Westfalen,2021-09-28,10611
Hessen,2021-09-28,3464
Rheinland-Pfalz,2021-09-28,3165
Baden-Württemberg,2021-09-28,7679
Bayern,2021-09-28,6076
Saarland,2021-09-28,523
Berlin,2021-09-28,3988
Brandenburg,2021-09-28,748
Mecklenburg-Vorpommern,2021-09-28,877
Sachsen,2021-09-28,1223
Sachsen-Anhalt,2021-09-28,1070
Thüringen,2021-09-28,1102
NA,2021-09-28,9
Schleswig-Holstein,2021-09-29,2809
Hamburg,2021-09-29,874
Niedersachsen,2021-09-29,3447
Bremen,2021-09-29,542
Nordrhein-Westfalen,2021-09-29,14029
Hessen,2021-09-29,4619
Rheinland-Pfalz,2021-09-29,3447
Baden-Württemberg,2021-09-29,9398
Bayern,2021-09-29,5548
Saarland,2021-09-29,359
Berlin,2021-09-29,4386
Brandenburg,2021-09-29,817
Mecklenburg-Vorpommern,2021-09-29,758
Sachsen,2021-09-29,1323
Sachsen-Anhalt,2021-09-29,1562
Thüringen,2021-09-29,1233
NA,2021-09-29,5
Schleswig-Holstein,2021-09-30,2152
Hamburg,2021-09-30,799
Niedersachsen,2021-09-30,3036
Bremen,2021-09-30,425
Nordrhein-Westfalen,2021-09-30,14250
Hessen,2021-09-30,3833
Rheinland-Pfalz,2021-09-30,2881
Baden-Württemberg,2021-09-30,7136
Bayern,2021-09-30,5912
Saarland,2021-09-30,359
Berlin,2021-09-30,3908
Brandenburg,2021-09-30,941
Mecklenburg-Vorpommern,2021-09-30,532
Sachsen,2021-09-30,1371
Sachsen-Anhalt,2021-09-30,1196
Thüringen,2021-09-30,1034
NA,2021-09-30,24
Schleswig-Holstein,2021-10-01,1079
Hamburg,2021-10-01,668
Niedersachsen,2021-10-01,1597
Bremen,2021-10-01,192
Nordrhein-Westfalen,2021-10-01,6212
Hessen,2021-10-01,1305
Rheinland-Pfalz,2021-10-01,1626
Baden-Württemberg,2021-10-01,2669
Bayern,2021-10-01,3169
Saarland,2021-10-01,477
Berlin,2021-10-01,2761
Brandenburg,2021-10-01,393
Mecklenburg-Vorpommern,2021-10-01,434
Sachsen,2021-10-01,539
Sachsen-Anhalt,2021-10-01,371
Thüringen,2021-10-01,398
NA,2021-10-01,10
Schleswig-Holstein,2021-10-02,103
Hamburg,2021-10-02,46
Niedersachsen,2021-10-02,152
Bremen,2021-10-02,55
Nordrhein-Westfalen,2021-10-02,919
Hessen,2021-10-02,355
Rheinland-Pfalz,2021-10-02,131
Baden-Württemberg,2021-10-02,410
Bayern,2021-10-02,452
Saarland,2021-10-02,53
Berlin,2021-10-02,551
Brandenburg,2021-10-02,12
Sachsen,2021-10-02,31
Sachsen-Anhalt,2021-10-02,3
Thüringen,2021-10-02,123
Schleswig-Holstein,2021-10-03,32
Hamburg,2021-10-03,176
Niedersachsen,2021-10-03,50
Nordrhein-Westfalen,2021-10-03,140
Hessen,2021-10-03,79
Rheinland-Pfalz,2021-10-03,93
Baden-Württemberg,2021-10-03,334
Bayern,2021-10-03,358
Saarland,2021-10-03,14
Berlin,2021-10-03,365
Brandenburg,2021-10-03,30
Sachsen,2021-10-03,20
Sachsen-Anhalt,2021-10-03,18
Thüringen,2021-10-03,14
Schleswig-Holstein,2021-10-04,977
Hamburg,2021-10-04,970
Niedersachsen,2021-10-04,1206
Bremen,2021-10-04,258
Nordrhein-Westfalen,2021-10-04,5126
Hessen,2021-10-04,1207
Rheinland-Pfalz,2021-10-04,755
Baden-Württemberg,2021-10-04,1476
Bayern,2021-10-04,3055
Saarland,2021-10-04,243
Berlin,2021-10-04,2660
Brandenburg,2021-10-04,482
Mecklenburg-Vorpommern,2021-10-04,159
Sachsen,2021-10-04,480
Sachsen-Anhalt,2021-10-04,317
Thüringen,2021-10-04,463
NA,2021-10-04,3
Schleswig-Holstein,2021-10-05,1769
Hamburg,2021-10-05,1045
Niedersachsen,2021-10-05,2807
Bremen,2021-10-05,557
Nordrhein-Westfalen,2021-10-05,10901
Hessen,2021-10-05,2345
Rheinland-Pfalz,2021-10-05,2537
Baden-Württemberg,2021-10-05,4267
Bayern,2021-10-05,6241
Saarland,2021-10-05,674
Berlin,2021-10-05,4333
Brandenburg,2021-10-05,1021
Mecklenburg-Vorpommern,2021-10-05,479
Sachsen,2021-10-05,1249
Sachsen-Anhalt,2021-10-05,742
Thüringen,2021-10-05,1512
NA,2021-10-05,6
Schleswig-Holstein,2021-10-06,3066
Hamburg,2021-10-06,968
Niedersachsen,2021-10-06,4132
Bremen,2021-10-06,678
Nordrhein-Westfalen,2021-10-06,13817
Hessen,2021-10-06,3586
Rheinland-Pfalz,2021-10-06,3176
Baden-Württemberg,2021-10-06,5351
Bayern,2021-10-06,6470
Saarland,2021-10-06,566
Berlin,2021-10-06,5378
Brandenburg,2021-10-06,1274
Mecklenburg-Vorpommern,2021-10-06,308
Sachsen,2021-10-06,1442
Sachsen-Anhalt,2021-10-06,1271
Thüringen,2021-10-06,1389
NA,2021-10-06,2
Schleswig-Holstein,2021-10-07,2044
Hamburg,2021-10-07,1214
Niedersachsen,2021-10-07,4278
Bremen,2021-10-07,518
Nordrhein-Westfalen,2021-10-07,14007
Hessen,2021-10-07,3042
Rheinland-Pfalz,2021-10-07,2861
Baden-Württemberg,2021-10-07,5612
Bayern,2021-10-07,7516
Saarland,2021-10-07,660
Berlin,2021-10-07,4917
Brandenburg,2021-10-07,1299
Mecklenburg-Vorpommern,2021-10-07,321
Sachsen,2021-10-07,1428
Sachsen-Anhalt,2021-10-07,974
Thüringen,2021-10-07,1508
NA,2021-10-07,34
Schleswig-Holstein,2021-10-08,1312
Hamburg,2021-10-08,906
Niedersachsen,2021-10-08,3999
Bremen,2021-10-08,411
Nordrhein-Westfalen,2021-10-08,12040
Hessen,2021-10-08,2155
Rheinland-Pfalz,2021-10-08,2232
Baden-Württemberg,2021-10-08,4474
Bayern,2021-10-08,6142
Saarland,2021-10-08,375
Berlin,2021-10-08,4091
Brandenburg,2021-10-08,820
Mecklenburg-Vorpommern,2021-10-08,528
Sachsen,2021-10-08,1328
Sachsen-Anhalt,2021-10-08,842
Thüringen,2021-10-08,964
NA,2021-10-08,9
Schleswig-Holstein,2021-10-09,91
Hamburg,2021-10-09,11
Niedersachsen,2021-10-09,200
Bremen,2021-10-09,154
Nordrhein-Westfalen,2021-10-09,1511
Hessen,2021-10-09,455
Rheinland-Pfalz,2021-10-09,86
Baden-Württemberg,2021-10-09,454
Bayern,2021-10-09,1094
Saarland,2021-10-09,73
Berlin,2021-10-09,555
Brandenburg,2021-10-09,41
Mecklenburg-Vorpommern,2021-10-09,9
Sachsen,2021-10-09,284
Sachsen-Anhalt,2021-10-09,44
Thüringen,2021-10-09,204
Schleswig-Holstein,2021-10-10,45
Hamburg,2021-10-10,3
Niedersachsen,2021-10-10,100
Bremen,2021-10-10,39
Nordrhein-Westfalen,2021-10-10,554
Hessen,2021-10-10,164
Rheinland-Pfalz,2021-10-10,91
Baden-Württemberg,2021-10-10,415
Bayern,2021-10-10,468
Saarland,2021-10-10,1
Berlin,2021-10-10,433
Brandenburg,2021-10-10,7
Sachsen,2021-10-10,32
Sachsen-Anhalt,2021-10-10,6
Thüringen,2021-10-10,68
Schleswig-Holstein,2021-10-11,983
Hamburg,2021-10-11,998
Niedersachsen,2021-10-11,2730
Bremen,2021-10-11,362
Nordrhein-Westfalen,2021-10-11,4832
Hessen,2021-10-11,1557
Rheinland-Pfalz,2021-10-11,1148
Baden-Württemberg,2021-10-11,2292
Bayern,2021-10-11,3537
Saarland,2021-10-11,431
Berlin,2021-10-11,2625
Brandenburg,2021-10-11,383
Mecklenburg-Vorpommern,2021-10-11,482
Sachsen,2021-10-11,1007
Sachsen-Anhalt,2021-10-11,385
Thüringen,2021-10-11,373
NA,2021-10-11,3
Schleswig-Holstein,2021-10-12,1911
Hamburg,2021-10-12,1510
Niedersachsen,2021-10-12,5334
Bremen,2021-10-12,533
Nordrhein-Westfalen,2021-10-12,11062
Hessen,2021-10-12,2728
Rheinland-Pfalz,2021-10-12,2566
Baden-Württemberg,2021-10-12,5401
Bayern,2021-10-12,8993
Saarland,2021-10-12,758
Berlin,2021-10-12,3729
Brandenburg,2021-10-12,880
Mecklenburg-Vorpommern,2021-10-12,872
Sachsen,2021-10-12,1647
Sachsen-Anhalt,2021-10-12,1287
Thüringen,2021-10-12,1954
NA,2021-10-12,8
Schleswig-Holstein,2021-10-13,3532
Hamburg,2021-10-13,1247
Niedersachsen,2021-10-13,7585
Bremen,2021-10-13,629
Nordrhein-Westfalen,2021-10-13,13536
Hessen,2021-10-13,3843
Rheinland-Pfalz,2021-10-13,3039
Baden-Württemberg,2021-10-13,6581
Bayern,2021-10-13,9721
Saarland,2021-10-13,915
Berlin,2021-10-13,4644
Brandenburg,2021-10-13,869
Mecklenburg-Vorpommern,2021-10-13,908
Sachsen,2021-10-13,2091
Sachsen-Anhalt,2021-10-13,1544
Thüringen,2021-10-13,1867
NA,2021-10-13,3
Schleswig-Holstein,2021-10-14,2605
Hamburg,2021-10-14,813
Niedersachsen,2021-10-14,7416
Bremen,2021-10-14,697
Nordrhein-Westfalen,2021-10-14,12944
Hessen,2021-10-14,3506
Rheinland-Pfalz,2021-10-14,3124
Baden-Württemberg,2021-10-14,6676
Bayern,2021-10-14,10788
Saarland,2021-10-14,973
Berlin,2021-10-14,4295
Brandenburg,2021-10-14,1075
Mecklenburg-Vorpommern,2021-10-14,1175
Sachsen,2021-10-14,2301
Sachsen-Anhalt,2021-10-14,1392
Thüringen,2021-10-14,1709
NA,2021-10-14,13
Schleswig-Holstein,2021-10-15,1458
Hamburg,2021-10-15,1025
Niedersachsen,2021-10-15,5612
Bremen,2021-10-15,744
Nordrhein-Westfalen,2021-10-15,10307
Hessen,2021-10-15,2616
Rheinland-Pfalz,2021-10-15,2377
Baden-Württemberg,2021-10-15,6233
Bayern,2021-10-15,8307
Saarland,2021-10-15,759
Berlin,2021-10-15,3092
Brandenburg,2021-10-15,718
Mecklenburg-Vorpommern,2021-10-15,656
Sachsen,2021-10-15,1575
Sachsen-Anhalt,2021-10-15,964
Thüringen,2021-10-15,1011
NA,2021-10-15,18
Schleswig-Holstein,2021-10-16,76
Hamburg,2021-10-16,105
Niedersachsen,2021-10-16,446
Bremen,2021-10-16,282
Nordrhein-Westfalen,2021-10-16,976
Hessen,2021-10-16,303
Rheinland-Pfalz,2021-10-16,153
Baden-Württemberg,2021-10-16,870
Bayern,2021-10-16,1473
Saarland,2021-10-16,36
Berlin,2021-10-16,800
Brandenburg,2021-10-16,79
Mecklenburg-Vorpommern,2021-10-16,29
Sachsen,2021-10-16,362
Sachsen-Anhalt,2021-10-16,102
Thüringen,2021-10-16,351
Schleswig-Holstein,2021-10-17,107
Hamburg,2021-10-17,110
Niedersachsen,2021-10-17,177
Nordrhein-Westfalen,2021-10-17,761
Hessen,2021-10-17,179
Rheinland-Pfalz,2021-10-17,21
Baden-Württemberg,2021-10-17,512
Bayern,2021-10-17,545
Saarland,2021-10-17,39
Berlin,2021-10-17,410
Mecklenburg-Vorpommern,2021-10-17,28
Sachsen,2021-10-17,4
Sachsen-Anhalt,2021-10-17,3
Thüringen,2021-10-17,444
Schleswig-Holstein,2021-10-18,802
Hamburg,2021-10-18,1431
Niedersachsen,2021-10-18,3023
Bremen,2021-10-18,656
Nordrhein-Westfalen,2021-10-18,5823
Hessen,2021-10-18,1842
Rheinland-Pfalz,2021-10-18,1141
Baden-Württemberg,2021-10-18,3161
Bayern,2021-10-18,5021
Saarland,2021-10-18,321
Berlin,2021-10-18,2526
Brandenburg,2021-10-18,665
Mecklenburg-Vorpommern,2021-10-18,642
Sachsen,2021-10-18,798
Sachsen-Anhalt,2021-10-18,716
Thüringen,2021-10-18,485
NA,2021-10-18,42
Schleswig-Holstein,2021-10-19,3187
Hamburg,2021-10-19,1291
Niedersachsen,2021-10-19,6295
Bremen,2021-10-19,799
Nordrhein-Westfalen,2021-10-19,12140
Hessen,2021-10-19,3163
Rheinland-Pfalz,2021-10-19,2859
Baden-Württemberg,2021-10-19,7061
Bayern,2021-10-19,10645
Saarland,2021-10-19,674
Berlin,2021-10-19,3944
Brandenburg,2021-10-19,776
Mecklenburg-Vorpommern,2021-10-19,1015
Sachsen,2021-10-19,1217
Sachsen-Anhalt,2021-10-19,1260
Thüringen,2021-10-19,2138
NA,2021-10-19,61
Schleswig-Holstein,2021-10-20,4903
Hamburg,2021-10-20,1621
Niedersachsen,2021-10-20,7480
Bremen,2021-10-20,809
Nordrhein-Westfalen,2021-10-20,16060
Hessen,2021-10-20,4498
Rheinland-Pfalz,2021-10-20,3557
Baden-Württemberg,2021-10-20,8593
Bayern,2021-10-20,12046
Saarland,2021-10-20,815
Berlin,2021-10-20,4629
Brandenburg,2021-10-20,1141
Mecklenburg-Vorpommern,2021-10-20,1506
Sachsen,2021-10-20,1999
Sachsen-Anhalt,2021-10-20,1703
Thüringen,2021-10-20,2123
NA,2021-10-20,14
Schleswig-Holstein,2021-10-21,4189
Hamburg,2021-10-21,1831
Niedersachsen,2021-10-21,7392
Bremen,2021-10-21,969
Nordrhein-Westfalen,2021-10-21,17108
Hessen,2021-10-21,4183
Rheinland-Pfalz,2021-10-21,3095
Baden-Württemberg,2021-10-21,9582
Bayern,2021-10-21,12851
Saarland,2021-10-21,866
Berlin,2021-10-21,4157
Brandenburg,2021-10-21,1139
Mecklenburg-Vorpommern,2021-10-21,1263
Sachsen,2021-10-21,1971
Sachsen-Anhalt,2021-10-21,1559
Thüringen,2021-10-21,2231
NA,2021-10-21,67
Schleswig-Holstein,2021-10-22,2489
Hamburg,2021-10-22,1974
Niedersachsen,2021-10-22,5167
Bremen,2021-10-22,813
Nordrhein-Westfalen,2021-10-22,12229
Hessen,2021-10-22,3019
Rheinland-Pfalz,2021-10-22,2010
Baden-Württemberg,2021-10-22,7131
Bayern,2021-10-22,10649
Saarland,2021-10-22,688
Berlin,2021-10-22,3304
Brandenburg,2021-10-22,1023
Mecklenburg-Vorpommern,2021-10-22,1236
Sachsen,2021-10-22,1165
Sachsen-Anhalt,2021-10-22,1043
Thüringen,2021-10-22,1182
NA,2021-10-22,13
Schleswig-Holstein,2021-10-23,218
Hamburg,2021-10-23,389
Niedersachsen,2021-10-23,375
Bremen,2021-10-23,136
Nordrhein-Westfalen,2021-10-23,2357
Hessen,2021-10-23,481
Rheinland-Pfalz,2021-10-23,286
Baden-Württemberg,2021-10-23,1360
Bayern,2021-10-23,2817
Saarland,2021-10-23,68
Berlin,2021-10-23,1102
Brandenburg,2021-10-23,112
Mecklenburg-Vorpommern,2021-10-23,16
Sachsen,2021-10-23,401
Sachsen-Anhalt,2021-10-23,133
Thüringen,2021-10-23,759
Schleswig-Holstein,2021-10-24,127
Hamburg,2021-10-24,114
Niedersachsen,2021-10-24,254
Nordrhein-Westfalen,2021-10-24,571
Hessen,2021-10-24,254
Rheinland-Pfalz,2021-10-24,122
Baden-Württemberg,2021-10-24,757
Bayern,2021-10-24,920
Saarland,2021-10-24,24
Berlin,2021-10-24,625
Brandenburg,2021-10-24,44
Mecklenburg-Vorpommern,2021-10-24,7
Sachsen,2021-10-24,69
Thüringen,2021-10-24,20
Schleswig-Holstein,2021-10-25,1329
Hamburg,2021-10-25,1578
Niedersachsen,2021-10-25,3644
Bremen,2021-10-25,437
Nordrhein-Westfalen,2021-10-25,8797
Hessen,2021-10-25,2111
Rheinland-Pfalz,2021-10-25,1802
Baden-Württemberg,2021-10-25,3608
Bayern,2021-10-25,7550
Saarland,2021-10-25,511
Berlin,2021-10-25,3811
Brandenburg,2021-10-25,670
Mecklenburg-Vorpommern,2021-10-25,1105
Sachsen,2021-10-25,1039
Sachsen-Anhalt,2021-10-25,782
Thüringen,2021-10-25,432
NA,2021-10-25,4
Schleswig-Holstein,2021-10-26,4808
Hamburg,2021-10-26,2013
Niedersachsen,2021-10-26,9147
Bremen,2021-10-26,816
Nordrhein-Westfalen,2021-10-26,20512
Hessen,2021-10-26,5448
Rheinland-Pfalz,2021-10-26,4694
Baden-Württemberg,2021-10-26,9000
Bayern,2021-10-26,15157
Saarland,2021-10-26,1068
Berlin,2021-10-26,5570
Brandenburg,2021-10-26,1821
Mecklenburg-Vorpommern,2021-10-26,1396
Sachsen,2021-10-26,1980
Sachsen-Anhalt,2021-10-26,1077
Thüringen,2021-10-26,2714
NA,2021-10-26,28
Schleswig-Holstein,2021-10-27,6752
Hamburg,2021-10-27,2592
Niedersachsen,2021-10-27,10992
Bremen,2021-10-27,1077
Nordrhein-Westfalen,2021-10-27,27194
Hessen,2021-10-27,8265
Rheinland-Pfalz,2021-10-27,5323
Baden-Württemberg,2021-10-27,11408
Bayern,2021-10-27,16266
Saarland,2021-10-27,1052
Berlin,2021-10-27,6766
Brandenburg,2021-10-27,2616
Mecklenburg-Vorpommern,2021-10-27,1779
Sachsen,2021-10-27,2778
Sachsen-Anhalt,2021-10-27,1378
Thüringen,2021-10-27,2298
NA,2021-10-27,45
Schleswig-Holstein,2021-10-28,5121
Hamburg,2021-10-28,2670
Niedersachsen,2021-10-28,10497
Bremen,2021-10-28,921
Nordrhein-Westfalen,2021-10-28,28957
Hessen,2021-10-28,7283
Rheinland-Pfalz,2021-10-28,5795
Baden-Württemberg,2021-10-28,11835
Bayern,2021-10-28,18905
Saarland,2021-10-28,1197
Berlin,2021-10-28,7260
Brandenburg,2021-10-28,2980
Mecklenburg-Vorpommern,2021-10-28,2186
Sachsen,2021-10-28,3045
Sachsen-Anhalt,2021-10-28,1302
Thüringen,2021-10-28,2573
NA,2021-10-28,75
Schleswig-Holstein,2021-10-29,3475
Hamburg,2021-10-29,2809
Niedersachsen,2021-10-29,8375
Bremen,2021-10-29,1166
Nordrhein-Westfalen,2021-10-29,21845
Hessen,2021-10-29,6308
Rheinland-Pfalz,2021-10-29,4816
Baden-Württemberg,2021-10-29,10993
Bayern,2021-10-29,15161
Saarland,2021-10-29,1274
Berlin,2021-10-29,6585
Brandenburg,2021-10-29,2440
Mecklenburg-Vorpommern,2021-10-29,1973
Sachsen,2021-10-29,2473
Sachsen-Anhalt,2021-10-29,788
Thüringen,2021-10-29,2087
NA,2021-10-29,29
Schleswig-Holstein,2021-10-30,262
Hamburg,2021-10-30,441
Niedersachsen,2021-10-30,1361
Bremen,2021-10-30,122
Nordrhein-Westfalen,2021-10-30,2357
Hessen,2021-10-30,983
Rheinland-Pfalz,2021-10-30,762
Baden-Württemberg,2021-10-30,2868
Bayern,2021-10-30,3920
Saarland,2021-10-30,217
Berlin,2021-10-30,1967
Brandenburg,2021-10-30,196
Mecklenburg-Vorpommern,2021-10-30,40
Sachsen,2021-10-30,1173
Sachsen-Anhalt,2021-10-30,81
Thüringen,2021-10-30,1430
Schleswig-Holstein,2021-10-31,19
Hamburg,2021-10-31,389
Niedersachsen,2021-10-31,404
Bremen,2021-10-31,34
Nordrhein-Westfalen,2021-10-31,649
Hessen,2021-10-31,651
Rheinland-Pfalz,2021-10-31,23
Baden-Württemberg,2021-10-31,1267
Bayern,2021-10-31,1254
Saarland,2021-10-31,39
Berlin,2021-10-31,1136
Brandenburg,2021-10-31,26
Sachsen,2021-10-31,11
Sachsen-Anhalt,2021-10-31,15
Thüringen,2021-10-31,18
Schleswig-Holstein,2021-11-01,1771
Hamburg,2021-11-01,1900
Niedersachsen,2021-11-01,5726
Bremen,2021-11-01,848
Nordrhein-Westfalen,2021-11-01,596
Hessen,2021-11-01,4277
Rheinland-Pfalz,2021-11-01,210
Baden-Württemberg,2021-11-01,1067
Bayern,2021-11-01,1264
Berlin,2021-11-01,5333
Brandenburg,2021-11-01,1360
Mecklenburg-Vorpommern,2021-11-01,964
Sachsen,2021-11-01,2800
Sachsen-Anhalt,2021-11-01,1105
Thüringen,2021-11-01,632
NA,2021-11-01,14
Schleswig-Holstein,2021-11-02,5608
Hamburg,2021-11-02,3033
Niedersachsen,2021-11-02,13776
Bremen,2021-11-02,1250
Nordrhein-Westfalen,2021-11-02,23150
Hessen,2021-11-02,8303
Rheinland-Pfalz,2021-11-02,4079
Baden-Württemberg,2021-11-02,7076
Bayern,2021-11-02,12579
Saarland,2021-11-02,1435
Berlin,2021-11-02,8160
Brandenburg,2021-11-02,3331
Mecklenburg-Vorpommern,2021-11-02,1673
Sachsen,2021-11-02,5545
Sachsen-Anhalt,2021-11-02,2377
Thüringen,2021-11-02,4257
NA,2021-11-02,51
