Entity,Code,Day,Weekly new hospital admissions
Belgium,BEL,2020-03-15,1532.885
Belgium,BEL,2020-03-22,1532.885
Belgium,BEL,2020-03-29,3511.353
Belgium,BEL,2020-04-05,3564.662
Belgium,BEL,2020-04-12,2825.377
Belgium,BEL,2020-04-19,1933.205
Belgium,BEL,2020-04-26,1410.174
Belgium,BEL,2020-05-03,896.195
Belgium,BEL,2020-05-10,627.638
Belgium,BEL,2020-05-17,431.501
Belgium,BEL,2020-05-24,346.006
Belgium,BEL,2020-05-31,246.428
Belgium,BEL,2020-06-07,181.049
Belgium,BEL,2020-06-14,143.834
Belgium,BEL,2020-06-21,122.711
Belgium,BEL,2020-06-28,98.571
Belgium,BEL,2020-07-05,79.461
Belgium,BEL,2020-07-12,65.379
Belgium,BEL,2020-07-19,94.548
Belgium,BEL,2020-07-26,124.723
Belgium,BEL,2020-08-02,168.979
Belgium,BEL,2020-08-09,190.102
Belgium,BEL,2020-08-16,245.423
Belgium,BEL,2020-08-23,170.991
Belgium,BEL,2020-08-30,103.6
Belgium,BEL,2020-09-06,119.694
Belgium,BEL,2020-09-13,214.242
Belgium,BEL,2020-09-20,318.848
Belgium,BEL,2020-09-27,450.612
Belgium,BEL,2020-10-04,544.154
Belgium,BEL,2020-10-11,885.13
Belgium,BEL,2020-10-18,1780.319
Belgium,BEL,2020-10-25,3308.175
Belgium,BEL,2020-11-01,4619.777
Belgium,BEL,2020-11-08,4206.381
Belgium,BEL,2020-11-15,3261.907
Belgium,BEL,2020-11-22,2143.424
Belgium,BEL,2020-11-29,1613.351
Belgium,BEL,2020-12-06,1330.713
Belgium,BEL,2020-12-13,1304.562
Belgium,BEL,2020-12-20,1262.317
Belgium,BEL,2020-12-27,1129.547
Belgium,BEL,2021-01-03,1024.941
Belgium,BEL,2021-01-10,928.381
Belgium,BEL,2021-01-17,844.897
Belgium,BEL,2021-01-24,996.778
Belgium,BEL,2021-01-31,841.88
Belgium,BEL,2021-02-07,933.41
Belgium,BEL,2021-02-14,838.862
Belgium,BEL,2021-02-21,841.88
Belgium,BEL,2021-02-28,1055.116
Belgium,BEL,2021-03-07,1026.952
Belgium,BEL,2021-03-14,1138.6
Belgium,BEL,2021-03-21,1391.063
Belgium,BEL,2021-03-28,1699.853
Belgium,BEL,2021-04-04,1853.745
Belgium,BEL,2021-04-11,1790.377
Belgium,BEL,2021-04-18,1652.579
Belgium,BEL,2021-04-25,1609.328
Belgium,BEL,2021-05-02,1357.871
Belgium,BEL,2021-05-09,1145.64
Belgium,BEL,2021-05-16,972.638
Belgium,BEL,2021-05-23,834.839
Belgium,BEL,2021-05-30,614.562
Belgium,BEL,2021-06-06,502.915
Belgium,BEL,2021-06-13,347.011
Belgium,BEL,2021-06-20,236.37
Belgium,BEL,2021-06-27,161.939
Croatia,HRV,2020-04-19,72.836
Croatia,HRV,2020-04-26,103.184
Croatia,HRV,2020-05-03,24.279
Croatia,HRV,2020-05-10,40.464
Croatia,HRV,2020-05-17,15.174
Croatia,HRV,2020-05-24,15.174
Croatia,HRV,2020-05-31,1.012
Croatia,HRV,2020-06-07,0
Croatia,HRV,2020-06-14,3.035
Croatia,HRV,2020-06-21,6.07
Croatia,HRV,2020-06-28,57.662
Croatia,HRV,2020-07-05,67.778
Croatia,HRV,2020-07-12,96.103
Croatia,HRV,2020-07-19,101.161
Croatia,HRV,2020-07-26,82.952
Croatia,HRV,2020-08-02,76.882
Croatia,HRV,2020-08-09,64.743
Croatia,HRV,2020-08-16,70.812
Croatia,HRV,2020-08-23,99.137
Croatia,HRV,2020-08-30,191.194
Croatia,HRV,2020-09-06,236.716
Croatia,HRV,2020-09-13,221.542
Croatia,HRV,2020-09-20,172.985
Croatia,HRV,2020-09-27,207.379
Croatia,HRV,2020-10-04,234.693
Croatia,HRV,2020-10-11,342.935
Croatia,HRV,2020-10-18,529.07
Croatia,HRV,2020-10-25,830.529
Croatia,HRV,2020-11-01,1096.582
Croatia,HRV,2020-11-08,1315.089
Croatia,HRV,2020-11-15,1532.585
Croatia,HRV,2020-11-22,1625.652
Croatia,HRV,2020-11-29,1823.927
Croatia,HRV,2020-12-06,2217.442
Croatia,HRV,2020-12-13,2361.091
Croatia,HRV,2020-12-20,2192.152
Croatia,HRV,2020-12-27,1704.558
Croatia,HRV,2021-01-03,1537.643
Croatia,HRV,2021-01-10,1216.963
Croatia,HRV,2021-01-17,983.282
Croatia,HRV,2021-01-24,829.518
Croatia,HRV,2021-01-31,723.299
Croatia,HRV,2021-02-07,653.498
Croatia,HRV,2021-02-14,472.42
Croatia,HRV,2021-02-21,471.409
Croatia,HRV,2021-02-28,469.386
Croatia,HRV,2021-03-07,524.012
Croatia,HRV,2021-03-14,613.034
Croatia,HRV,2021-03-21,717.229
Croatia,HRV,2021-03-28,946.864
Croatia,HRV,2021-04-04,1269.567
Croatia,HRV,2021-04-11,1532.585
Croatia,HRV,2021-04-18,1636.78
Croatia,HRV,2021-04-25,1736.929
Croatia,HRV,2021-05-02,1555.852
Croatia,HRV,2021-05-09,1259.451
Croatia,HRV,2021-05-16,1003.514
Croatia,HRV,2021-05-23,641.359
Croatia,HRV,2021-05-30,464.328
Croatia,HRV,2021-06-06,271.111
Croatia,HRV,2021-06-13,207.379
Croatia,HRV,2021-06-20,160.846
Croatia,HRV,2021-06-27,95.091
Cyprus,CYP,2020-03-15,8
Cyprus,CYP,2020-03-22,23
Cyprus,CYP,2020-03-29,53
Cyprus,CYP,2020-04-05,37
Cyprus,CYP,2020-04-12,20
Cyprus,CYP,2020-04-19,11
Cyprus,CYP,2020-04-26,6
Cyprus,CYP,2020-05-03,6
Cyprus,CYP,2020-05-10,6
Cyprus,CYP,2020-05-17,1
Cyprus,CYP,2020-05-24,1
Cyprus,CYP,2020-05-31,1
Cyprus,CYP,2020-06-07,1
Cyprus,CYP,2020-06-14,1
Cyprus,CYP,2020-06-21,1
Cyprus,CYP,2020-06-28,2
Cyprus,CYP,2020-07-19,1
Cyprus,CYP,2020-07-26,1
Cyprus,CYP,2020-08-02,8
Cyprus,CYP,2020-08-09,4
Cyprus,CYP,2020-08-16,2
Cyprus,CYP,2020-08-23,4
Cyprus,CYP,2020-08-30,5
Cyprus,CYP,2020-09-06,1
Cyprus,CYP,2020-09-13,2
Cyprus,CYP,2020-09-20,6
Cyprus,CYP,2020-09-27,15
Cyprus,CYP,2020-10-04,4
Cyprus,CYP,2020-10-11,7
Cyprus,CYP,2020-10-18,29
Cyprus,CYP,2020-10-25,33
Cyprus,CYP,2020-11-01,40
Cyprus,CYP,2020-11-08,64
Cyprus,CYP,2020-11-15,60
Cyprus,CYP,2020-11-22,72
Cyprus,CYP,2020-11-29,85
Cyprus,CYP,2020-12-06,75
Cyprus,CYP,2020-12-13,79
Cyprus,CYP,2020-12-20,105
Cyprus,CYP,2020-12-27,100
Cyprus,CYP,2021-01-03,123
Cyprus,CYP,2021-01-10,135
Cyprus,CYP,2021-01-17,117
Cyprus,CYP,2021-01-24,96
Cyprus,CYP,2021-01-31,70
Cyprus,CYP,2021-02-07,68
Cyprus,CYP,2021-02-14,54
Cyprus,CYP,2021-02-21,66
Cyprus,CYP,2021-02-28,60
Cyprus,CYP,2021-03-07,106
Cyprus,CYP,2021-03-14,178
Cyprus,CYP,2021-03-21,167
Cyprus,CYP,2021-03-28,146
Cyprus,CYP,2021-04-04,151
Cyprus,CYP,2021-04-11,176
Cyprus,CYP,2021-04-18,204
Cyprus,CYP,2021-04-25,249
Cyprus,CYP,2021-05-02,226
Cyprus,CYP,2021-05-09,186
Cyprus,CYP,2021-05-16,111
Cyprus,CYP,2021-05-23,67
Cyprus,CYP,2021-05-30,35
Cyprus,CYP,2021-06-06,22
Cyprus,CYP,2021-06-13,20
Cyprus,CYP,2021-06-20,29
Czechia,CZE,2020-03-15,8.011
Czechia,CZE,2020-03-22,120.169
Czechia,CZE,2020-03-29,350.492
Czechia,CZE,2020-04-05,517.727
Czechia,CZE,2020-04-12,579.814
Czechia,CZE,2020-04-19,515.724
Czechia,CZE,2020-04-26,477.671
Czechia,CZE,2020-05-03,371.522
Czechia,CZE,2020-05-10,284.399
Czechia,CZE,2020-05-17,194.273
Czechia,CZE,2020-05-24,146.205
Czechia,CZE,2020-05-31,120.169
Czechia,CZE,2020-06-07,100.141
Czechia,CZE,2020-06-14,91.128
Czechia,CZE,2020-06-21,114.16
Czechia,CZE,2020-06-28,107.151
Czechia,CZE,2020-07-05,106.149
Czechia,CZE,2020-07-12,107.151
Czechia,CZE,2020-07-19,109.153
Czechia,CZE,2020-07-26,131.184
Czechia,CZE,2020-08-02,170.239
Czechia,CZE,2020-08-09,176.248
Czechia,CZE,2020-08-16,191.269
Czechia,CZE,2020-08-23,203.286
Czechia,CZE,2020-08-30,232.326
Czechia,CZE,2020-09-06,324.456
Czechia,CZE,2020-09-13,497.699
Czechia,CZE,2020-09-20,845.187
Czechia,CZE,2020-09-27,1360.912
Czechia,CZE,2020-10-04,1971.77
Czechia,CZE,2020-10-11,3388.76
Czechia,CZE,2020-10-18,5628.907
Czechia,CZE,2020-10-25,9018.669
Czechia,CZE,2020-11-01,11770.534
Czechia,CZE,2020-11-08,12846.045
Czechia,CZE,2020-11-15,11593.285
Czechia,CZE,2020-11-22,9440.261
Czechia,CZE,2020-11-29,8310.674
Czechia,CZE,2020-12-06,7400.395
Czechia,CZE,2020-12-13,7259.197
Czechia,CZE,2020-12-20,7648.744
Czechia,CZE,2020-12-27,8231.563
Czechia,CZE,2021-01-03,10238.382
Czechia,CZE,2021-01-10,12145.06
Czechia,CZE,2021-01-17,11449.083
Czechia,CZE,2021-01-24,10484.728
Czechia,CZE,2021-01-31,9678.596
Czechia,CZE,2021-02-07,9566.438
Czechia,CZE,2021-02-14,9822.798
Czechia,CZE,2021-02-21,10643.952
Czechia,CZE,2021-02-28,12081.972
Czechia,CZE,2021-03-07,13629.145
Czechia,CZE,2021-03-14,14519.396
Czechia,CZE,2021-03-21,14205.955
Czechia,CZE,2021-03-28,13102.405
Czechia,CZE,2021-04-04,11599.294
Czechia,CZE,2021-04-11,9520.373
Czechia,CZE,2021-04-18,7555.613
Czechia,CZE,2021-04-25,5926.325
Czechia,CZE,2021-05-02,4625.497
Czechia,CZE,2021-05-09,3612.074
Czechia,CZE,2021-05-16,2639.708
Czechia,CZE,2021-05-23,1800.529
Czechia,CZE,2021-05-30,1154.622
Czechia,CZE,2021-06-06,704.99
Czechia,CZE,2021-06-13,395.556
Czechia,CZE,2021-06-20,229.322
Czechia,CZE,2021-06-27,118.166
Denmark,DNK,2020-03-01,0.995
Denmark,DNK,2020-03-08,8.953
Denmark,DNK,2020-03-15,134.291
Denmark,DNK,2020-03-22,327.273
Denmark,DNK,2020-03-29,560.045
Denmark,DNK,2020-04-05,324.289
Denmark,DNK,2020-04-12,277.536
Denmark,DNK,2020-04-19,195.966
Denmark,DNK,2020-04-26,208.898
Denmark,DNK,2020-05-03,136.281
Denmark,DNK,2020-05-10,94.501
Denmark,DNK,2020-05-17,63.664
Denmark,DNK,2020-05-24,64.659
Denmark,DNK,2020-05-31,51.727
Denmark,DNK,2020-06-07,33.822
Denmark,DNK,2020-06-14,26.858
Denmark,DNK,2020-06-21,26.858
Denmark,DNK,2020-06-28,29.843
Denmark,DNK,2020-07-05,21.885
Denmark,DNK,2020-07-12,16.911
Denmark,DNK,2020-07-19,17.906
Denmark,DNK,2020-07-26,18.9
Denmark,DNK,2020-08-02,21.885
Denmark,DNK,2020-08-09,31.832
Denmark,DNK,2020-08-16,19.895
Denmark,DNK,2020-08-23,27.853
Denmark,DNK,2020-08-30,21.885
Denmark,DNK,2020-09-06,28.848
Denmark,DNK,2020-09-13,58.69
Denmark,DNK,2020-09-20,87.538
Denmark,DNK,2020-09-27,124.344
Denmark,DNK,2020-10-04,116.386
Denmark,DNK,2020-10-11,103.454
Denmark,DNK,2020-10-18,121.36
Denmark,DNK,2020-10-25,142.249
Denmark,DNK,2020-11-01,194.971
Denmark,DNK,2020-11-08,248.688
Denmark,DNK,2020-11-15,277.536
Denmark,DNK,2020-11-22,273.557
Denmark,DNK,2020-11-29,262.614
Denmark,DNK,2020-12-06,315.336
Denmark,DNK,2020-12-13,477.481
Denmark,DNK,2020-12-20,816.691
Denmark,DNK,2020-12-27,942.03
Denmark,DNK,2021-01-03,993.757
Denmark,DNK,2021-01-10,880.355
Denmark,DNK,2021-01-17,706.274
Denmark,DNK,2021-01-24,605.804
Denmark,DNK,2021-01-31,379
Denmark,DNK,2021-02-07,249.683
Denmark,DNK,2021-02-14,207.903
Denmark,DNK,2021-02-21,160.155
Denmark,DNK,2021-02-28,189.003
Denmark,DNK,2021-03-07,197.956
Denmark,DNK,2021-03-14,178.061
Denmark,DNK,2021-03-21,165.129
Denmark,DNK,2021-03-28,209.893
Denmark,DNK,2021-04-04,221.83
Denmark,DNK,2021-04-11,204.919
Denmark,DNK,2021-04-18,188.008
Denmark,DNK,2021-04-25,189.003
Denmark,DNK,2021-05-02,174.082
Denmark,DNK,2021-05-09,145.234
Denmark,DNK,2021-05-16,227.798
Denmark,DNK,2021-05-23,161.15
Denmark,DNK,2021-05-30,167.118
Denmark,DNK,2021-06-06,147.223
Denmark,DNK,2021-06-13,105.444
Denmark,DNK,2021-06-20,69.633
Denmark,DNK,2021-06-27,53.717
Estonia,EST,2020-03-01,0.998
Estonia,EST,2020-03-08,0
Estonia,EST,2020-03-15,3.993
Estonia,EST,2020-03-22,33.938
Estonia,EST,2020-03-29,74.862
Estonia,EST,2020-04-05,99.817
Estonia,EST,2020-04-12,63.883
Estonia,EST,2020-04-19,42.921
Estonia,EST,2020-04-26,21.96
Estonia,EST,2020-05-03,24.954
Estonia,EST,2020-05-10,5.989
Estonia,EST,2020-05-17,8.983
Estonia,EST,2020-05-24,24.954
Estonia,EST,2020-05-31,6.987
Estonia,EST,2020-06-07,3.993
Estonia,EST,2020-06-14,9.982
Estonia,EST,2020-06-21,4.991
Estonia,EST,2020-06-28,1.996
Estonia,EST,2020-07-05,0.998
Estonia,EST,2020-07-12,1.996
Estonia,EST,2020-07-19,0
Estonia,EST,2020-07-26,0
Estonia,EST,2020-08-02,1.996
Estonia,EST,2020-08-09,5.989
Estonia,EST,2020-08-16,1.996
Estonia,EST,2020-08-23,7.985
Estonia,EST,2020-08-30,6.987
Estonia,EST,2020-09-06,4.991
Estonia,EST,2020-09-13,10.98
Estonia,EST,2020-09-20,18.965
Estonia,EST,2020-09-27,32.939
Estonia,EST,2020-10-04,29.945
Estonia,EST,2020-10-11,13.974
Estonia,EST,2020-10-18,23.956
Estonia,EST,2020-10-25,17.967
Estonia,EST,2020-11-01,30.943
Estonia,EST,2020-11-08,53.901
Estonia,EST,2020-11-15,72.866
Estonia,EST,2020-11-22,131.758
Estonia,EST,2020-11-29,164.697
Estonia,EST,2020-12-06,182.664
Estonia,EST,2020-12-13,172.683
Estonia,EST,2020-12-20,239.56
Estonia,EST,2020-12-27,272.499
Estonia,EST,2021-01-03,256.529
Estonia,EST,2021-01-10,254.532
Estonia,EST,2021-01-17,279.487
Estonia,EST,2021-01-24,287.472
Estonia,EST,2021-01-31,299.45
Estonia,EST,2021-02-07,290.466
Estonia,EST,2021-02-14,302.444
Estonia,EST,2021-02-21,333.388
Estonia,EST,2021-02-28,386.29
Estonia,EST,2021-03-07,531.024
Estonia,EST,2021-03-14,537.013
Estonia,EST,2021-03-21,525.035
Estonia,EST,2021-03-28,542.004
Estonia,EST,2021-04-04,492.096
Estonia,EST,2021-04-11,375.311
Estonia,EST,2021-04-18,283.479
Estonia,EST,2021-04-25,245.549
Estonia,EST,2021-05-02,217.6
Estonia,EST,2021-05-09,179.67
Estonia,EST,2021-05-16,139.743
Estonia,EST,2021-05-23,130.76
Estonia,EST,2021-05-30,77.857
Estonia,EST,2021-06-06,46.914
Estonia,EST,2021-06-13,36.932
Estonia,EST,2021-06-20,37.93
Estonia,EST,2021-06-27,22.958
France,FRA,2020-03-15,1163.201
France,FRA,2020-03-22,7722.894
France,FRA,2020-03-29,17060.621
France,FRA,2020-04-05,20058.449
France,FRA,2020-04-12,16418.301
France,FRA,2020-04-19,10249.018
France,FRA,2020-04-26,7644.612
France,FRA,2020-05-03,4913.748
France,FRA,2020-05-10,3640.148
France,FRA,2020-05-17,2679.679
France,FRA,2020-05-24,1757.347
France,FRA,2020-05-31,1418.122
France,FRA,2020-06-07,978.534
France,FRA,2020-06-14,704.545
France,FRA,2020-06-21,618.233
France,FRA,2020-06-28,552.997
France,FRA,2020-07-05,536.939
France,FRA,2020-07-12,503.82
France,FRA,2020-07-19,510.845
France,FRA,2020-07-26,566.044
France,FRA,2020-08-02,630.276
France,FRA,2020-08-09,666.407
France,FRA,2020-08-16,824.98
France,FRA,2020-08-23,949.429
France,FRA,2020-08-30,1071.871
France,FRA,2020-09-06,1548.593
France,FRA,2020-09-13,2176.863
France,FRA,2020-09-20,3183.498
France,FRA,2020-09-27,3852.916
France,FRA,2020-10-04,3974.355
France,FRA,2020-10-11,4649.795
France,FRA,2020-10-18,7096.632
France,FRA,2020-10-25,11554.734
France,FRA,2020-11-01,16190.478
France,FRA,2020-11-08,18554.015
France,FRA,2020-11-15,16064.022
France,FRA,2020-11-22,12681.805
France,FRA,2020-11-29,8650.244
France,FRA,2020-12-06,8117.319
France,FRA,2020-12-13,8180.547
France,FRA,2020-12-20,8337.113
France,FRA,2020-12-27,7276.281
France,FRA,2021-01-03,7168.893
France,FRA,2021-01-10,8478.624
France,FRA,2021-01-17,9255.43
France,FRA,2021-01-24,10665.523
France,FRA,2021-01-31,10565.16
France,FRA,2021-02-07,10635.414
France,FRA,2021-02-14,9346.76
France,FRA,2021-02-21,8903.157
France,FRA,2021-02-28,9221.306
France,FRA,2021-03-07,9046.676
France,FRA,2021-03-14,9366.832
France,FRA,2021-03-21,10496.914
France,FRA,2021-03-28,12199.062
France,FRA,2021-04-04,13122.397
France,FRA,2021-04-11,13227.777
France,FRA,2021-04-18,12639.653
France,FRA,2021-04-25,11870.876
France,FRA,2021-05-02,10278.124
France,FRA,2021-05-09,7734.938
France,FRA,2021-05-16,5253.977
France,FRA,2021-05-23,4424.983
France,FRA,2021-05-30,3099.194
France,FRA,2021-06-06,2670.646
France,FRA,2021-06-13,1910.902
France,FRA,2021-06-20,1289.658
France,FRA,2021-06-27,915.306
Germany,DEU,2020-01-06,38.282
Germany,DEU,2020-01-18,20.148
Germany,DEU,2020-01-24,29.215
Germany,DEU,2020-02-02,56.416
Germany,DEU,2020-02-09,26.193
Germany,DEU,2020-02-15,37.275
Germany,DEU,2020-02-23,60.445
Germany,DEU,2020-03-01,184.358
Germany,DEU,2020-03-08,341.516
Germany,DEU,2020-03-15,928.843
Germany,DEU,2020-03-22,2364.419
Germany,DEU,2020-03-29,4513.249
Germany,DEU,2020-04-05,4197.926
Germany,DEU,2020-04-12,3068.606
Germany,DEU,2020-04-19,2168.979
Germany,DEU,2020-04-26,1529.266
Germany,DEU,2020-05-03,1006.414
Germany,DEU,2020-05-10,758.589
Germany,DEU,2020-05-17,485.577
Germany,DEU,2020-05-24,372.746
Germany,DEU,2020-05-31,309.278
Germany,DEU,2020-06-07,233.722
Germany,DEU,2020-06-14,286.108
Germany,DEU,2020-06-21,257.9
Germany,DEU,2020-06-28,224.655
Germany,DEU,2020-07-05,211.559
Germany,DEU,2020-07-12,222.64
Germany,DEU,2020-07-19,259.915
Germany,DEU,2020-07-26,299.204
Germany,DEU,2020-08-02,341.516
Germany,DEU,2020-08-09,305.249
Germany,DEU,2020-08-16,341.516
Germany,DEU,2020-08-23,308.271
Germany,DEU,2020-08-30,290.137
Germany,DEU,2020-09-06,328.419
Germany,DEU,2020-09-13,397.932
Germany,DEU,2020-09-20,577.253
Germany,DEU,2020-09-27,606.468
Germany,DEU,2020-10-04,861.346
Germany,DEU,2020-10-11,1335.841
Germany,DEU,2020-10-18,1972.532
Germany,DEU,2020-10-25,3083.718
Germany,DEU,2020-11-01,4347.024
Germany,DEU,2020-11-08,5017.967
Germany,DEU,2020-11-15,5650.628
Germany,DEU,2020-11-22,5727.192
Germany,DEU,2020-11-29,6319.556
Germany,DEU,2020-12-06,7165.79
Germany,DEU,2020-12-13,7652.375
Germany,DEU,2020-12-20,7858.896
Germany,DEU,2020-12-27,7393.467
Germany,DEU,2021-01-03,7586.892
Germany,DEU,2021-01-10,7344.104
Germany,DEU,2021-01-17,6469.662
Germany,DEU,2021-01-24,6211.762
Germany,DEU,2021-01-31,5266.8
Germany,DEU,2021-02-07,4635.147
Germany,DEU,2021-02-14,3843.314
Germany,DEU,2021-02-21,3490.716
Germany,DEU,2021-02-28,3394.004
Germany,DEU,2021-03-07,3344.64
Germany,DEU,2021-03-14,3700.26
Germany,DEU,2021-03-21,4196.919
Germany,DEU,2021-03-28,4866.854
Germany,DEU,2021-04-04,5377.617
Germany,DEU,2021-04-11,5564.997
Germany,DEU,2021-04-18,5675.814
Germany,DEU,2021-04-25,5502.537
Germany,DEU,2021-05-02,4984.722
Germany,DEU,2021-05-09,4037.746
Germany,DEU,2021-05-16,3037.376
Germany,DEU,2021-05-23,2251.587
Germany,DEU,2021-05-30,1318.715
Germany,DEU,2021-06-06,930.858
Germany,DEU,2021-06-13,634.676
Germany,DEU,2021-06-20,387.857
Germany,DEU,2021-06-27,183.351
Greece,GRC,2020-03-01,10.697
Greece,GRC,2020-03-08,29.173
Greece,GRC,2020-03-15,64.18
Greece,GRC,2020-03-22,170.175
Greece,GRC,2020-03-29,306.316
Greece,GRC,2020-04-05,166.286
Greece,GRC,2020-04-12,104.05
Greece,GRC,2020-04-19,56.401
Greece,GRC,2020-04-26,65.153
Greece,GRC,2020-05-03,36.952
Greece,GRC,2020-05-10,41.814
Greece,GRC,2020-05-17,19.449
Greece,GRC,2020-05-24,12.642
Greece,GRC,2020-05-31,7.779
Greece,GRC,2020-06-07,30.145
Greece,GRC,2020-06-14,18.476
Greece,GRC,2020-08-09,103.078
Greece,GRC,2020-08-16,222.687
Greece,GRC,2020-08-23,175.037
Greece,GRC,2020-08-30,194.486
Greece,GRC,2020-09-06,209.072
Greece,GRC,2020-09-13,252.832
Greece,GRC,2020-09-20,330.626
Greece,GRC,2020-09-27,326.737
Greece,GRC,2020-10-04,387.027
Greece,GRC,2020-10-11,352.992
Greece,GRC,2020-10-18,408.421
Greece,GRC,2020-10-25,573.734
Greece,GRC,2020-11-01,938.395
Greece,GRC,2020-11-08,1858.314
Greece,GRC,2020-11-15,2968.829
Greece,GRC,2020-11-22,3319.877
Greece,GRC,2020-11-29,2910.484
Greece,GRC,2020-12-06,2461.221
Greece,GRC,2020-12-13,1924.439
Greece,GRC,2020-12-20,1532.55
Greece,GRC,2020-12-27,1157.192
Greece,GRC,2021-01-03,1022.997
Greece,GRC,2021-01-10,909.222
Greece,GRC,2021-01-17,912.14
Greece,GRC,2021-01-24,704.039
Greece,GRC,2021-01-31,905.332
Greece,GRC,2021-02-07,1190.255
Greece,GRC,2021-02-21,1485.873
Greece,GRC,2021-02-28,1943.888
Greece,GRC,2021-03-07,2501.09
Greece,GRC,2021-03-14,3081.631
Greece,GRC,2021-03-21,3215.827
Greece,GRC,2021-03-28,3042.734
Greece,GRC,2021-04-04,3379.195
Greece,GRC,2021-04-11,3646.613
Greece,GRC,2021-04-18,3486.162
Greece,GRC,2021-04-25,3214.854
Greece,GRC,2021-05-02,2934.794
Greece,GRC,2021-05-09,2569.161
Iceland,ISL,2020-03-01,0.937
Iceland,ISL,2020-08-02,0.937
Iceland,ISL,2020-08-23,0.937
Iceland,ISL,2020-09-13,0.937
Iceland,ISL,2020-09-27,5.623
Iceland,ISL,2020-10-04,14.994
Iceland,ISL,2020-10-11,21.555
Iceland,ISL,2020-10-18,15.932
Iceland,ISL,2020-10-25,49.669
Iceland,ISL,2020-11-01,25.303
Iceland,ISL,2020-11-08,20.617
Iceland,ISL,2020-11-15,9.372
Iceland,ISL,2020-11-22,3.749
Iceland,ISL,2020-11-29,3.749
Iceland,ISL,2020-12-06,0.937
Iceland,ISL,2020-12-13,0.937
Iceland,ISL,2020-12-20,2.811
Iceland,ISL,2021-01-17,0.937
Iceland,ISL,2021-01-24,3.749
Iceland,ISL,2021-01-31,0.937
Iceland,ISL,2021-02-07,1.874
Iceland,ISL,2021-02-21,0.937
Iceland,ISL,2021-03-21,2.811
Iceland,ISL,2021-03-28,0.937
Iceland,ISL,2021-04-18,0.937
Iceland,ISL,2021-04-25,4.686
Iceland,ISL,2021-05-02,3.749
Iceland,ISL,2021-05-09,1.874
Iceland,ISL,2021-05-16,0.937
Iceland,ISL,2021-05-30,0.937
Iceland,ISL,2021-06-27,0.937
Ireland,IRL,2020-04-05,165.109
Ireland,IRL,2020-04-12,279.492
Ireland,IRL,2020-04-19,220.809
Ireland,IRL,2020-04-26,190.97
Ireland,IRL,2020-05-03,206.884
Ireland,IRL,2020-05-10,123.334
Ireland,IRL,2020-05-17,70.619
Ireland,IRL,2020-05-24,73.603
Ireland,IRL,2020-05-31,52.716
Ireland,IRL,2020-06-07,26.855
Ireland,IRL,2020-06-14,29.839
Ireland,IRL,2020-06-21,18.898
Ireland,IRL,2020-06-28,7.957
Ireland,IRL,2020-07-05,7.957
Ireland,IRL,2020-07-12,3.979
Ireland,IRL,2020-07-19,8.952
Ireland,IRL,2020-07-26,10.941
Ireland,IRL,2020-08-02,5.968
Ireland,IRL,2020-08-09,7.957
Ireland,IRL,2020-08-16,13.925
Ireland,IRL,2020-08-23,16.909
Ireland,IRL,2020-08-30,21.882
Ireland,IRL,2020-09-06,19.893
Ireland,IRL,2020-09-13,23.871
Ireland,IRL,2020-09-20,48.737
Ireland,IRL,2020-09-27,55.699
Ireland,IRL,2020-10-04,67.635
Ireland,IRL,2020-10-11,108.415
Ireland,IRL,2020-10-18,149.195
Ireland,IRL,2020-10-25,216.83
Ireland,IRL,2020-11-01,170.082
Ireland,IRL,2020-11-08,125.324
Ireland,IRL,2020-11-15,91.506
Ireland,IRL,2020-11-22,87.528
Ireland,IRL,2020-11-29,96.479
Ireland,IRL,2020-12-06,68.63
Ireland,IRL,2020-12-13,83.549
Ireland,IRL,2020-12-20,82.555
Ireland,IRL,2020-12-27,120.351
Ireland,IRL,2021-01-03,377.961
Ireland,IRL,2021-01-10,687.291
Ireland,IRL,2021-01-17,889.202
Ireland,IRL,2021-01-24,830.519
Ireland,IRL,2021-01-31,610.705
Ireland,IRL,2021-02-07,462.504
Ireland,IRL,2021-02-14,340.164
Ireland,IRL,2021-02-21,297.395
Ireland,IRL,2021-02-28,203.9
Ireland,IRL,2021-03-07,175.055
Ireland,IRL,2021-03-14,153.173
Ireland,IRL,2021-03-21,150.19
Ireland,IRL,2021-03-28,127.313
Ireland,IRL,2021-04-04,123.334
Ireland,IRL,2021-04-11,102.447
Ireland,IRL,2021-04-18,98.469
Ireland,IRL,2021-04-25,112.394
Ireland,IRL,2021-05-02,87.528
Ireland,IRL,2021-05-09,82.555
Ireland,IRL,2021-05-16,45.753
Ireland,IRL,2021-05-23,0
Ireland,IRL,2021-05-30,0
Ireland,IRL,2021-06-06,0
Ireland,IRL,2021-06-13,0
Ireland,IRL,2021-06-20,0
Ireland,IRL,2021-06-27,0
Israel,ISR,2020-03-08,22
Israel,ISR,2020-03-15,188
Israel,ISR,2020-03-22,274
Israel,ISR,2020-03-29,532
Israel,ISR,2020-04-05,763
Israel,ISR,2020-04-12,472
Israel,ISR,2020-04-19,410
Israel,ISR,2020-04-26,210
Israel,ISR,2020-05-03,138
Israel,ISR,2020-05-10,92
Israel,ISR,2020-05-17,50
Israel,ISR,2020-05-24,30
Israel,ISR,2020-05-31,38
Israel,ISR,2020-06-07,73
Israel,ISR,2020-06-14,102
Israel,ISR,2020-06-21,204
Israel,ISR,2020-06-28,222
Israel,ISR,2020-07-05,443
Israel,ISR,2020-07-12,698
Israel,ISR,2020-07-19,868
Israel,ISR,2020-07-26,855
Israel,ISR,2020-08-02,843
Israel,ISR,2020-08-09,837
Israel,ISR,2020-08-16,832
Israel,ISR,2020-08-23,834
Israel,ISR,2020-08-30,923
Israel,ISR,2020-09-06,978
Israel,ISR,2020-09-13,1193
Israel,ISR,2020-09-20,1416
Israel,ISR,2020-09-27,1675
Israel,ISR,2020-10-04,1659
Israel,ISR,2020-10-11,1406
Israel,ISR,2020-10-18,928
Israel,ISR,2020-10-25,650
Israel,ISR,2020-11-01,440
Israel,ISR,2020-11-08,384
Israel,ISR,2020-11-15,383
Israel,ISR,2020-11-22,413
Israel,ISR,2020-11-29,428
Israel,ISR,2020-12-06,628
Israel,ISR,2020-12-13,719
Israel,ISR,2020-12-20,950
Israel,ISR,2020-12-27,1176
Israel,ISR,2021-01-03,1456
Israel,ISR,2021-01-10,1903
Israel,ISR,2021-01-17,1989
Israel,ISR,2021-01-24,1851
Israel,ISR,2021-01-31,1614
Israel,ISR,2021-02-07,1650
Israel,ISR,2021-02-14,1391
Israel,ISR,2021-02-21,1160
Israel,ISR,2021-02-28,1162
Israel,ISR,2021-03-07,1057
Israel,ISR,2021-03-14,854
Israel,ISR,2021-03-21,607
Israel,ISR,2021-03-28,367
Israel,ISR,2021-04-04,246
Israel,ISR,2021-04-11,196
Israel,ISR,2021-04-18,137
Israel,ISR,2021-04-25,78
Israel,ISR,2021-05-02,58
Israel,ISR,2021-05-09,53
Israel,ISR,2021-05-16,34
Israel,ISR,2021-05-23,36
Israel,ISR,2021-05-30,32
Israel,ISR,2021-06-06,24
Israel,ISR,2021-06-13,19
Israel,ISR,2021-06-20,16
Israel,ISR,2021-06-27,32
Israel,ISR,2021-07-04,45
Italy,ITA,2020-02-23,477.478
Italy,ITA,2020-03-01,2275.879
Italy,ITA,2020-03-08,7181.437
Italy,ITA,2020-03-15,13103.791
Italy,ITA,2020-03-22,18473.649
Italy,ITA,2020-03-29,15326.955
Italy,ITA,2020-04-05,9422.848
Italy,ITA,2020-04-12,6495.125
Italy,ITA,2020-04-19,4635.899
Italy,ITA,2020-04-26,3752.919
Italy,ITA,2020-05-03,2303.25
Italy,ITA,2020-05-10,1713.245
Italy,ITA,2020-05-17,1221.574
Italy,ITA,2020-05-24,824.182
Italy,ITA,2020-05-31,640.693
Italy,ITA,2020-06-07,479.506
Italy,ITA,2020-06-14,452.135
Italy,ITA,2020-06-21,379.144
Italy,ITA,2020-06-28,386.24
Italy,ITA,2020-07-05,396.378
Italy,ITA,2020-07-12,344.677
Italy,ITA,2020-07-19,366.979
Italy,ITA,2020-07-26,399.419
Italy,ITA,2020-08-02,398.406
Italy,ITA,2020-08-09,448.079
Italy,ITA,2020-08-16,508.905
Italy,ITA,2020-08-23,684.284
Italy,ITA,2020-08-30,899.2
Italy,ITA,2020-09-06,1059.373
Italy,ITA,2020-09-13,1307.743
Italy,ITA,2020-09-20,1505.425
Italy,ITA,2020-09-27,1650.392
Italy,ITA,2020-10-04,2131.926
Italy,ITA,2020-10-11,3602.884
Italy,ITA,2020-10-18,6448.492
Italy,ITA,2020-10-25,10598.803
Italy,ITA,2020-11-01,14461.208
Italy,ITA,2020-11-08,17454.825
Italy,ITA,2020-11-15,17231.799
Italy,ITA,2020-11-22,15363.45
Italy,ITA,2020-11-29,12497.566
Italy,ITA,2020-12-06,10738.702
Italy,ITA,2020-12-13,9367.092
Italy,ITA,2020-12-20,8733.495
Italy,ITA,2020-12-27,8434.438
Italy,ITA,2021-01-03,9282.95
Italy,ITA,2021-01-10,9465.426
Italy,ITA,2021-01-17,8637.189
Italy,ITA,2021-01-24,7413.587
Italy,ITA,2021-01-31,6839.802
Italy,ITA,2021-02-07,6760.729
Italy,ITA,2021-02-14,6535.675
Italy,ITA,2021-02-21,7032.415
Italy,ITA,2021-02-28,8880.49
Italy,ITA,2021-03-07,11029.649
Italy,ITA,2021-03-14,12647.601
Italy,ITA,2021-03-21,13189.96
Italy,ITA,2021-03-28,12499.593
Italy,ITA,2021-04-04,11887.285
Italy,ITA,2021-04-11,9626.613
Italy,ITA,2021-04-18,7893.093
Italy,ITA,2021-04-25,7119.598
Italy,ITA,2021-05-02,6071.376
Italy,ITA,2021-05-09,4828.513
Italy,ITA,2021-05-16,3553.21
Italy,ITA,2021-05-23,2437.066
Italy,ITA,2021-05-30,1717.3
Italy,ITA,2021-06-06,1254.014
Italy,ITA,2021-06-13,929.613
Italy,ITA,2021-06-20,567.703
Italy,ITA,2021-06-27,315.278
Latvia,LVA,2020-01-06,0
Latvia,LVA,2020-01-18,0
Latvia,LVA,2020-01-24,0
Latvia,LVA,2020-02-02,0
Latvia,LVA,2020-02-09,0
Latvia,LVA,2020-02-15,0
Latvia,LVA,2020-02-23,0
Latvia,LVA,2020-03-01,0
Latvia,LVA,2020-03-08,2.966
Latvia,LVA,2020-03-15,5.932
Latvia,LVA,2020-03-22,15.82
Latvia,LVA,2020-03-29,28.674
Latvia,LVA,2020-04-05,27.685
Latvia,LVA,2020-04-12,24.719
Latvia,LVA,2020-04-19,17.797
Latvia,LVA,2020-04-26,13.842
Latvia,LVA,2020-05-03,8.899
Latvia,LVA,2020-05-10,9.887
Latvia,LVA,2020-05-17,9.887
Latvia,LVA,2020-05-24,7.91
Latvia,LVA,2020-05-31,3.955
Latvia,LVA,2020-06-07,2.966
Latvia,LVA,2020-06-14,2.966
Latvia,LVA,2020-06-21,3.955
Latvia,LVA,2020-06-28,1.977
Latvia,LVA,2020-07-05,0.989
Latvia,LVA,2020-07-12,0.989
Latvia,LVA,2020-07-19,0.989
Latvia,LVA,2020-07-26,0.989
Latvia,LVA,2020-08-02,1.977
Latvia,LVA,2020-08-09,4.944
Latvia,LVA,2020-08-16,1.977
Latvia,LVA,2020-08-23,4.944
Latvia,LVA,2020-08-30,3.955
Latvia,LVA,2020-09-06,4.944
Latvia,LVA,2020-09-13,5.932
Latvia,LVA,2020-09-20,6.921
Latvia,LVA,2020-09-27,5.932
Latvia,LVA,2020-10-04,25.707
Latvia,LVA,2020-10-11,48.448
Latvia,LVA,2020-10-18,51.415
Latvia,LVA,2020-10-25,122.604
Latvia,LVA,2020-11-01,193.794
Latvia,LVA,2020-11-08,214.557
Latvia,LVA,2020-11-15,277.837
Latvia,LVA,2020-11-22,324.308
Latvia,LVA,2020-11-29,477.563
Latvia,LVA,2020-12-06,504.259
Latvia,LVA,2020-12-13,642.684
Latvia,LVA,2020-12-20,744.524
Latvia,LVA,2020-12-27,791.984
Latvia,LVA,2021-01-03,832.522
Latvia,LVA,2021-01-10,927.442
Latvia,LVA,2021-01-17,799.894
Latvia,LVA,2021-01-24,739.58
Latvia,LVA,2021-01-31,700.031
Latvia,LVA,2021-02-07,636.751
Latvia,LVA,2021-02-14,564.573
Latvia,LVA,2021-02-21,491.406
Latvia,LVA,2021-02-28,483.496
Latvia,LVA,2021-03-07,513.158
Latvia,LVA,2021-03-14,370.779
Latvia,LVA,2021-03-21,414.284
Latvia,LVA,2021-03-28,515.136
Latvia,LVA,2021-04-04,426.149
Latvia,LVA,2021-04-11,425.16
Latvia,LVA,2021-04-18,431.092
Latvia,LVA,2021-04-25,478.552
Latvia,LVA,2021-05-02,455.811
Latvia,LVA,2021-05-09,453.833
Latvia,LVA,2021-05-16,454.822
Latvia,LVA,2021-05-23,356.937
Latvia,LVA,2021-05-30,265.972
Latvia,LVA,2021-06-06,205.659
Latvia,LVA,2021-06-13,181.929
Latvia,LVA,2021-06-20,131.503
Latvia,LVA,2021-06-27,87.998
Lithuania,LTU,2020-03-01,2.923
Lithuania,LTU,2020-03-15,21.435
Lithuania,LTU,2020-03-22,87.687
Lithuania,LTU,2020-03-29,82.816
Lithuania,LTU,2020-04-05,63.33
Lithuania,LTU,2020-04-12,32.152
Lithuania,LTU,2020-04-19,38.972
Lithuania,LTU,2020-04-26,27.28
Lithuania,LTU,2020-05-03,14.615
Lithuania,LTU,2020-05-10,29.229
Lithuania,LTU,2020-05-17,14.615
Lithuania,LTU,2020-05-24,6.82
Lithuania,LTU,2020-05-31,6.82
Lithuania,LTU,2020-06-07,3.897
Lithuania,LTU,2020-06-14,4.872
Lithuania,LTU,2020-06-21,4.872
Lithuania,LTU,2020-06-28,0.974
Lithuania,LTU,2020-07-05,1.949
Lithuania,LTU,2020-07-12,8.769
Lithuania,LTU,2020-07-19,23.383
Lithuania,LTU,2020-07-26,8.769
Lithuania,LTU,2020-08-02,6.82
Lithuania,LTU,2020-08-09,0.974
Lithuania,LTU,2020-10-18,113.993
Lithuania,LTU,2020-10-25,182.195
Lithuania,LTU,2020-11-01,98.405
Lithuania,LTU,2020-11-08,373.158
Lithuania,LTU,2020-11-15,444.282
Lithuania,LTU,2020-11-22,636.22
Lithuania,LTU,2020-11-29,610.888
Lithuania,LTU,2020-12-06,692.73
Lithuania,LTU,2020-12-13,779.443
Lithuania,LTU,2020-12-20,699.55
Lithuania,LTU,2020-12-27,597.248
Lithuania,LTU,2021-01-03,709.293
Lithuania,LTU,2021-01-10,649.86
Lithuania,LTU,2021-01-17,514.432
Lithuania,LTU,2021-01-24,510.535
Lithuania,LTU,2021-01-31,445.257
Lithuania,LTU,2021-02-07,338.083
Lithuania,LTU,2021-02-14,361.467
Lithuania,LTU,2021-02-21,340.032
Lithuania,LTU,2021-02-28,321.52
Lithuania,LTU,2021-03-07,280.599
Lithuania,LTU,2021-03-14,275.728
Lithuania,LTU,2021-03-21,279.625
Lithuania,LTU,2021-03-28,259.165
Lithuania,LTU,2021-04-04,232.858
Lithuania,LTU,2021-04-11,274.754
Lithuania,LTU,2021-04-18,325.417
Lithuania,LTU,2021-04-25,298.137
Lithuania,LTU,2021-05-02,236.756
Lithuania,LTU,2021-05-09,330.289
Lithuania,LTU,2021-05-16,315.674
Lithuania,LTU,2021-05-23,256.242
Lithuania,LTU,2021-05-30,173.426
Lithuania,LTU,2021-06-06,149.068
Lithuania,LTU,2021-06-13,90.61
Lithuania,LTU,2021-06-20,47.741
Lithuania,LTU,2021-06-27,38.972
Malta,MLT,2020-03-08,0
Malta,MLT,2020-03-15,6.007
Malta,MLT,2020-03-22,3.432
Malta,MLT,2020-03-29,3.432
Malta,MLT,2020-04-05,6.007
Malta,MLT,2020-04-12,12.013
Malta,MLT,2020-04-19,1.716
Malta,MLT,2020-04-26,0
Malta,MLT,2020-05-03,0.858
Malta,MLT,2020-05-10,0.858
Malta,MLT,2020-05-17,0.858
Malta,MLT,2020-05-24,3.432
Malta,MLT,2020-05-31,2.574
Malta,MLT,2020-06-07,0
Malta,MLT,2020-06-14,0.858
Malta,MLT,2020-06-21,0.858
Malta,MLT,2020-06-28,0.858
Malta,MLT,2020-07-05,0
Malta,MLT,2020-07-12,0
Malta,MLT,2020-07-19,0
Malta,MLT,2020-07-26,0
Malta,MLT,2020-08-02,4.29
Malta,MLT,2020-08-09,6.865
Malta,MLT,2020-08-16,10.297
Malta,MLT,2020-08-23,12.013
Malta,MLT,2020-08-30,3.432
Malta,MLT,2020-09-06,15.446
Malta,MLT,2020-09-13,17.162
Malta,MLT,2020-09-20,20.594
Malta,MLT,2020-09-27,13.729
Malta,MLT,2020-10-04,18.02
Malta,MLT,2020-10-11,26.601
Malta,MLT,2020-10-18,39.472
Malta,MLT,2020-10-25,34.323
Malta,MLT,2020-11-01,63.498
Malta,MLT,2020-11-08,64.356
Malta,MLT,2020-11-15,88.383
Malta,MLT,2020-11-22,89.241
Malta,MLT,2020-11-29,74.653
Malta,MLT,2020-12-06,76.369
Malta,MLT,2020-12-13,36.04
Malta,MLT,2020-12-20,29.175
Malta,MLT,2020-12-27,22.31
Malta,MLT,2021-01-03,24.884
Malta,MLT,2021-01-10,33.465
Malta,MLT,2021-01-17,41.188
Malta,MLT,2021-01-24,18.02
Malta,MLT,2021-01-31,22.31
Malta,MLT,2021-02-07,24.026
Malta,MLT,2021-02-14,36.04
Malta,MLT,2021-02-21,34.323
Malta,MLT,2021-02-28,18.878
Malta,MLT,2021-03-07,58.35
Malta,MLT,2021-03-14,57.492
Malta,MLT,2021-03-21,35.181
Malta,MLT,2021-03-28,17.162
Malta,MLT,2021-04-04,27.459
Malta,MLT,2021-04-11,25.743
Malta,MLT,2021-04-18,25.743
Malta,MLT,2021-04-25,11.155
Malta,MLT,2021-05-02,18.878
Malta,MLT,2021-05-09,6.007
Malta,MLT,2021-05-16,3.432
Malta,MLT,2021-05-23,1.716
Malta,MLT,2021-05-30,1.716
Malta,MLT,2021-06-06,0.858
Malta,MLT,2021-06-13,0
Malta,MLT,2021-06-20,0
Malta,MLT,2021-06-27,0
Netherlands,NLD,2020-03-01,30.514
Netherlands,NLD,2020-03-08,106.308
Netherlands,NLD,2020-03-15,492.167
Netherlands,NLD,2020-03-22,1841.688
Netherlands,NLD,2020-03-29,3233.536
Netherlands,NLD,2020-04-05,2269.874
Netherlands,NLD,2020-04-12,1290.462
Netherlands,NLD,2020-04-19,742.188
Netherlands,NLD,2020-04-26,418.342
Netherlands,NLD,2020-05-03,249.036
Netherlands,NLD,2020-05-10,166.352
Netherlands,NLD,2020-05-17,89.574
Netherlands,NLD,2020-05-24,58.076
Netherlands,NLD,2020-05-31,55.123
Netherlands,NLD,2020-06-07,32.483
Netherlands,NLD,2020-06-14,23.624
Netherlands,NLD,2020-06-21,14.765
Netherlands,NLD,2020-06-28,13.781
Netherlands,NLD,2020-07-05,4.922
Netherlands,NLD,2020-07-12,8.859
Netherlands,NLD,2020-07-19,14.765
Netherlands,NLD,2020-07-26,25.593
Netherlands,NLD,2020-08-02,43.311
Netherlands,NLD,2020-08-09,58.076
Netherlands,NLD,2020-08-16,73.825
Netherlands,NLD,2020-08-23,45.279
Netherlands,NLD,2020-08-30,41.342
Netherlands,NLD,2020-09-06,117.136
Netherlands,NLD,2020-09-13,198.835
Netherlands,NLD,2020-09-20,393.733
Netherlands,NLD,2020-09-27,632.927
Netherlands,NLD,2020-10-04,831.762
Netherlands,NLD,2020-10-11,1201.871
Netherlands,NLD,2020-10-18,1589.699
Netherlands,NLD,2020-10-25,1924.372
Netherlands,NLD,2020-11-01,1950.949
Netherlands,NLD,2020-11-08,1671.399
Netherlands,NLD,2020-11-15,1472.563
Netherlands,NLD,2020-11-22,1290.462
Netherlands,NLD,2020-11-29,1109.344
Netherlands,NLD,2020-12-06,1155.608
Netherlands,NLD,2020-12-13,1378.067
Netherlands,NLD,2020-12-20,1707.819
Netherlands,NLD,2020-12-27,1951.934
Netherlands,NLD,2021-01-03,1952.918
Netherlands,NLD,2021-01-10,1679.273
Netherlands,NLD,2021-01-17,1472.563
Netherlands,NLD,2021-01-24,1406.613
Netherlands,NLD,2021-01-31,1297.352
Netherlands,NLD,2021-02-07,1186.122
Netherlands,NLD,2021-02-14,1200.887
Netherlands,NLD,2021-02-21,1203.84
Netherlands,NLD,2021-02-28,1196.95
Netherlands,NLD,2021-03-07,1216.636
Netherlands,NLD,2021-03-14,1328.851
Netherlands,NLD,2021-03-21,1502.093
Netherlands,NLD,2021-03-28,1623.166
Netherlands,NLD,2021-04-04,1721.6
Netherlands,NLD,2021-04-11,1768.848
Netherlands,NLD,2021-04-18,1659.587
Netherlands,NLD,2021-04-25,1823.97
Netherlands,NLD,2021-05-02,1775.738
Netherlands,NLD,2021-05-09,1479.454
Netherlands,NLD,2021-05-16,1240.26
Netherlands,NLD,2021-05-23,931.18
Netherlands,NLD,2021-05-30,560.086
Netherlands,NLD,2021-06-06,407.514
Netherlands,NLD,2021-06-13,244.115
Netherlands,NLD,2021-06-20,167.337
Netherlands,NLD,2021-06-27,80.715
Norway,NOR,2020-02-23,0
Norway,NOR,2020-03-01,0
Norway,NOR,2020-03-08,2.02
Norway,NOR,2020-03-15,50.5
Norway,NOR,2020-03-22,189.88
Norway,NOR,2020-03-29,290.879
Norway,NOR,2020-04-05,198.969
Norway,NOR,2020-04-12,91.91
Norway,NOR,2020-04-19,66.66
Norway,NOR,2020-04-26,40.4
Norway,NOR,2020-05-03,16.16
Norway,NOR,2020-05-10,17.17
Norway,NOR,2020-05-17,11.11
Norway,NOR,2020-05-24,10.1
Norway,NOR,2020-05-31,10.1
Norway,NOR,2020-06-07,2.02
Norway,NOR,2020-06-14,8.08
Norway,NOR,2020-06-21,7.07
Norway,NOR,2020-06-28,13.13
Norway,NOR,2020-07-05,6.06
Norway,NOR,2020-07-12,2.02
Norway,NOR,2020-07-19,8.08
Norway,NOR,2020-07-26,3.03
Norway,NOR,2020-08-02,11.11
Norway,NOR,2020-08-09,16.16
Norway,NOR,2020-08-16,10.1
Norway,NOR,2020-08-23,12.12
Norway,NOR,2020-08-30,12.12
Norway,NOR,2020-09-06,12.12
Norway,NOR,2020-09-13,20.2
Norway,NOR,2020-09-20,23.23
Norway,NOR,2020-09-27,15.15
Norway,NOR,2020-10-04,23.23
Norway,NOR,2020-10-11,32.32
Norway,NOR,2020-10-18,22.22
Norway,NOR,2020-10-25,43.43
Norway,NOR,2020-11-01,54.54
Norway,NOR,2020-11-08,98.98
Norway,NOR,2020-11-15,111.1
Norway,NOR,2020-11-22,110.09
Norway,NOR,2020-11-29,95.95
Norway,NOR,2020-12-06,112.11
Norway,NOR,2020-12-13,81.81
Norway,NOR,2020-12-20,99.99
Norway,NOR,2020-12-27,78.78
Norway,NOR,2021-01-03,97.97
Norway,NOR,2021-01-10,91.91
Norway,NOR,2021-01-17,90.9
Norway,NOR,2021-01-24,91.91
Norway,NOR,2021-01-31,47.47
Norway,NOR,2021-02-07,34.34
Norway,NOR,2021-02-14,46.46
Norway,NOR,2021-02-21,61.61
Norway,NOR,2021-02-28,74.74
Norway,NOR,2021-03-07,106.05
Norway,NOR,2021-03-14,174.73
Norway,NOR,2021-03-21,230.279
Norway,NOR,2021-03-28,210.079
Norway,NOR,2021-04-04,211.089
Norway,NOR,2021-04-11,203.009
Norway,NOR,2021-04-18,171.7
Norway,NOR,2021-04-25,134.33
Norway,NOR,2021-05-02,69.69
Norway,NOR,2021-05-09,71.71
Norway,NOR,2021-05-16,66.66
Norway,NOR,2021-05-23,62.62
Norway,NOR,2021-05-30,51.51
Norway,NOR,2021-06-06,50.5
Norway,NOR,2021-06-13,29.29
Norway,NOR,2021-06-20,22.22
Norway,NOR,2021-06-27,20.2
Portugal,PRT,2020-01-06,1.981
Portugal,PRT,2020-01-18,8.913
Portugal,PRT,2020-01-24,5.942
Portugal,PRT,2020-02-02,9.904
Portugal,PRT,2020-02-09,9.904
Portugal,PRT,2020-02-15,15.846
Portugal,PRT,2020-02-23,19.807
Portugal,PRT,2020-03-01,28.721
Portugal,PRT,2020-03-08,85.171
Portugal,PRT,2020-03-15,179.256
Portugal,PRT,2020-03-22,437.741
Portugal,PRT,2020-03-29,705.14
Portugal,PRT,2020-04-05,686.323
Portugal,PRT,2020-04-12,467.452
Portugal,PRT,2020-04-19,363.464
Portugal,PRT,2020-04-26,269.379
Portugal,PRT,2020-05-03,190.15
Portugal,PRT,2020-05-10,165.391
Portugal,PRT,2020-05-17,188.169
Portugal,PRT,2020-05-24,169.352
Portugal,PRT,2020-05-31,178.266
Portugal,PRT,2020-06-07,135.68
Portugal,PRT,2020-06-14,129.738
Portugal,PRT,2020-06-21,149.545
Portugal,PRT,2020-06-28,155.487
Portugal,PRT,2020-07-05,123.796
Portugal,PRT,2020-07-12,127.757
Portugal,PRT,2020-07-19,122.805
Portugal,PRT,2020-07-26,92.104
Portugal,PRT,2020-08-02,88.142
Portugal,PRT,2020-08-09,96.065
Portugal,PRT,2020-08-16,75.268
Portugal,PRT,2020-08-23,82.2
Portugal,PRT,2020-08-30,98.046
Portugal,PRT,2020-09-06,136.67
Portugal,PRT,2020-09-13,160.439
Portugal,PRT,2020-09-20,183.218
Portugal,PRT,2020-09-27,170.343
Portugal,PRT,2020-10-04,188.169
Portugal,PRT,2020-10-11,208.967
Portugal,PRT,2020-10-18,313.946
Portugal,PRT,2020-10-25,411.001
Portugal,PRT,2020-11-01,473.394
Portugal,PRT,2020-11-08,502.115
Portugal,PRT,2020-11-15,500.134
Portugal,PRT,2020-11-22,548.662
Portugal,PRT,2020-11-29,486.269
Portugal,PRT,2020-12-06,500.134
Portugal,PRT,2020-12-13,465.472
Portugal,PRT,2020-12-20,413.973
Portugal,PRT,2020-12-27,421.895
Portugal,PRT,2021-01-03,686.323
Portugal,PRT,2021-01-10,803.186
Portugal,PRT,2021-01-17,888.357
Portugal,PRT,2021-01-24,822.993
Portugal,PRT,2021-01-31,779.417
Portugal,PRT,2021-02-07,528.855
Portugal,PRT,2021-02-14,421.895
Portugal,PRT,2021-02-21,269.379
Portugal,PRT,2021-02-28,175.295
Portugal,PRT,2021-03-07,134.69
Portugal,PRT,2021-03-14,102.008
Portugal,PRT,2021-03-21,105.969
Portugal,PRT,2021-03-28,77.248
Portugal,PRT,2021-04-04,58.432
Portugal,PRT,2021-04-11,51.499
Portugal,PRT,2021-04-18,49.518
Portugal,PRT,2021-04-25,47.538
Portugal,PRT,2021-05-02,37.634
Portugal,PRT,2021-05-09,43.576
Portugal,PRT,2021-05-16,42.586
Portugal,PRT,2021-05-23,40.605
Portugal,PRT,2021-05-30,36.644
Portugal,PRT,2021-06-06,36.644
Portugal,PRT,2021-06-13,54.47
Portugal,PRT,2021-06-20,81.21
Romania,ROU,2020-03-01,2.986
Romania,ROU,2020-03-08,11.943
Romania,ROU,2020-03-15,142.326
Romania,ROU,2020-03-22,383.184
Romania,ROU,2020-03-29,1369.511
Romania,ROU,2020-04-05,2123.936
Romania,ROU,2020-04-12,1220.218
Romania,ROU,2020-04-19,1081.874
Romania,ROU,2020-04-26,1260.029
Romania,ROU,2020-05-03,1020.166
Romania,ROU,2020-05-10,638.972
Romania,ROU,2020-05-17,372.236
Romania,ROU,2020-08-30,7609.941
Romania,ROU,2020-09-06,7983.172
Romania,ROU,2020-09-13,7755.252
Romania,ROU,2020-09-20,8694.8
Romania,ROU,2020-09-27,9432.306
Romania,ROU,2020-10-04,10576.882
Romania,ROU,2020-10-11,18232.606
Romania,ROU,2020-10-18,22954.233
Romania,ROU,2020-10-25,26287.439
Romania,ROU,2020-11-01,33462.441
Romania,ROU,2020-11-08,46848.015
Romania,ROU,2020-11-15,51092.901
Romania,ROU,2020-11-22,51112.807
Romania,ROU,2020-11-29,46444.925
Romania,ROU,2020-12-06,36526.921
Romania,ROU,2020-12-13,8426.074
Romania,ROU,2020-12-20,7175.002
Romania,ROU,2020-12-27,6647.501
Romania,ROU,2021-01-03,5333.727
Romania,ROU,2021-01-17,8416.121
Romania,ROU,2021-01-24,4734.566
Romania,ROU,2021-01-31,8487.781
Romania,ROU,2021-02-07,2690.252
Romania,ROU,2021-02-14,9633.353
Romania,ROU,2021-02-21,4623.094
Romania,ROU,2021-02-28,7280.502
Romania,ROU,2021-03-14,8660.961
Romania,ROU,2021-05-02,6375.789
Romania,ROU,2021-05-09,3386.951
Romania,ROU,2021-05-16,2619.587
Romania,ROU,2021-05-23,1740.752
Romania,ROU,2021-05-30,1056.992
Romania,ROU,2021-06-06,856.939
Romania,ROU,2021-06-13,861.916
Romania,ROU,2021-06-20,283.656
Romania,ROU,2021-06-27,291.618
Slovenia,SVN,2020-03-15,26.782
Slovenia,SVN,2020-03-22,40.669
Slovenia,SVN,2020-03-29,76.378
Slovenia,SVN,2020-04-05,51.58
Slovenia,SVN,2020-04-12,55.548
Slovenia,SVN,2020-04-19,44.637
Slovenia,SVN,2020-04-26,23.806
Slovenia,SVN,2020-05-03,17.855
Slovenia,SVN,2020-05-10,6.943
Slovenia,SVN,2020-05-17,3.968
Slovenia,SVN,2020-05-24,0
Slovenia,SVN,2020-05-31,0.992
Slovenia,SVN,2020-06-07,0.992
Slovenia,SVN,2020-06-14,0.992
Slovenia,SVN,2020-06-21,2.976
Slovenia,SVN,2020-06-28,2.976
Slovenia,SVN,2020-07-05,3.968
Slovenia,SVN,2020-07-12,14.879
Slovenia,SVN,2020-07-19,10.911
Slovenia,SVN,2020-07-26,18.847
Slovenia,SVN,2020-08-02,8.927
Slovenia,SVN,2020-08-09,12.895
Slovenia,SVN,2020-08-16,11.903
Slovenia,SVN,2020-08-23,10.911
Slovenia,SVN,2020-08-30,14.879
Slovenia,SVN,2020-09-06,16.863
Slovenia,SVN,2020-09-13,29.758
Slovenia,SVN,2020-09-20,53.564
Slovenia,SVN,2020-09-27,71.418
Slovenia,SVN,2020-10-04,84.313
Slovenia,SVN,2020-10-11,130.934
Slovenia,SVN,2020-10-18,233.102
Slovenia,SVN,2020-10-25,464.22
Slovenia,SVN,2020-11-01,696.33
Slovenia,SVN,2020-11-08,899.674
Slovenia,SVN,2020-11-15,880.827
Slovenia,SVN,2020-11-22,731.047
Slovenia,SVN,2020-11-29,853.053
Slovenia,SVN,2020-12-06,815.36
Slovenia,SVN,2020-12-13,847.102
Slovenia,SVN,2020-12-20,722.12
Slovenia,SVN,2020-12-27,683.435
Slovenia,SVN,2021-01-03,741.958
Slovenia,SVN,2021-01-10,737.99
Slovenia,SVN,2021-01-17,741.958
Slovenia,SVN,2021-01-24,690.378
Slovenia,SVN,2021-01-31,574.323
Slovenia,SVN,2021-02-07,493.977
Slovenia,SVN,2021-02-14,367.011
Slovenia,SVN,2021-02-21,276.746
Slovenia,SVN,2021-02-28,314.439
Slovenia,SVN,2021-03-07,314.439
Slovenia,SVN,2021-03-14,265.835
Slovenia,SVN,2021-03-21,323.367
Slovenia,SVN,2021-03-28,367.011
Slovenia,SVN,2021-04-04,394.785
Slovenia,SVN,2021-04-11,447.357
Slovenia,SVN,2021-04-18,426.527
Slovenia,SVN,2021-04-25,401.729
Slovenia,SVN,2021-05-02,362.052
Slovenia,SVN,2021-05-09,278.73
Slovenia,SVN,2021-05-16,233.102
Slovenia,SVN,2021-05-23,159.7
Slovenia,SVN,2021-05-30,121.015
Slovenia,SVN,2021-06-06,97.208
Slovenia,SVN,2021-06-13,83.322
Slovenia,SVN,2021-06-20,49.596
Slovenia,SVN,2021-06-27,26.782
Spain,ESP,2020-02-02,17.78
Spain,ESP,2020-02-09,39.512
Spain,ESP,2020-02-15,103.718
Spain,ESP,2020-02-23,215.339
Spain,ESP,2020-03-01,1173.497
Spain,ESP,2020-03-08,5878.351
Spain,ESP,2020-03-15,23888.765
Spain,ESP,2020-03-22,30640.324
Spain,ESP,2020-03-29,19251.081
Spain,ESP,2020-04-05,11441.596
Spain,ESP,2020-04-12,6935.288
Spain,ESP,2020-04-19,3729.903
Spain,ESP,2020-04-26,2077.327
Spain,ESP,2020-05-03,1329.568
Spain,ESP,2020-05-10,746.771
Spain,ESP,2020-05-17,488.957
Spain,ESP,2020-05-24,389.19
Spain,ESP,2020-05-31,316.093
Spain,ESP,2020-06-07,313.13
Spain,ESP,2020-06-14,207.436
Spain,ESP,2020-06-21,192.619
Spain,ESP,2020-06-28,176.815
Spain,ESP,2020-07-05,255.838
Spain,ESP,2020-07-12,380.3
Spain,ESP,2020-07-19,678.613
Spain,ESP,2020-07-26,985.817
Spain,ESP,2020-08-02,1694.063
Spain,ESP,2020-08-09,2484.297
Spain,ESP,2020-08-16,3713.111
Spain,ESP,2020-08-23,4502.356
Spain,ESP,2020-08-30,4761.158
Spain,ESP,2020-09-06,5785.498
Spain,ESP,2020-09-13,6350.516
Spain,ESP,2020-09-20,6275.443
Spain,ESP,2020-09-27,5157.263
Spain,ESP,2020-10-04,5221.469
Spain,ESP,2020-10-11,6633.024
Spain,ESP,2020-10-18,7865.789
Spain,ESP,2020-10-25,9909.531
Spain,ESP,2020-11-01,10001.395
Spain,ESP,2020-11-08,9456.134
Spain,ESP,2020-11-15,7662.303
Spain,ESP,2020-11-22,5469.405
Spain,ESP,2020-11-29,4302.822
Spain,ESP,2020-12-06,4087.484
Spain,ESP,2020-12-13,4519.149
Spain,ESP,2020-12-20,4712.756
Spain,ESP,2020-12-27,5416.064
Spain,ESP,2021-01-03,7717.62
Spain,ESP,2021-01-10,12480.753
Spain,ESP,2021-01-17,16594.908
Spain,ESP,2021-01-24,16132.621
Spain,ESP,2021-01-31,11463.328
Spain,ESP,2021-02-07,7462.769
Spain,ESP,2021-02-14,4751.28
Spain,ESP,2021-02-21,3605.441
Spain,ESP,2021-02-28,3084.875
Spain,ESP,2021-03-07,2855.707
Spain,ESP,2021-03-14,2806.317
Spain,ESP,2021-03-21,3054.253
Spain,ESP,2021-03-28,3623.221
Spain,ESP,2021-04-04,4291.957
Spain,ESP,2021-04-11,4491.491
Spain,ESP,2021-04-18,4227.75
Spain,ESP,2021-04-25,3813.865
Spain,ESP,2021-05-02,3004.864
Spain,ESP,2021-05-09,2431.944
Spain,ESP,2021-05-16,1951.877
Spain,ESP,2021-05-23,1720.734
Spain,ESP,2021-05-30,1472.798
Spain,ESP,2021-06-06,1320.678
Spain,ESP,2021-06-13,983.841
Spain,ESP,2021-06-20,727.015
Spain,ESP,2021-06-27,320.045
United Kingdom,GBR,2020-03-29,13914
United Kingdom,GBR,2020-04-05,21639
United Kingdom,GBR,2020-04-12,18481
United Kingdom,GBR,2020-04-19,13390
United Kingdom,GBR,2020-04-26,10625
United Kingdom,GBR,2020-05-03,9616
United Kingdom,GBR,2020-05-10,7534
United Kingdom,GBR,2020-05-17,6363
United Kingdom,GBR,2020-05-24,5390
United Kingdom,GBR,2020-05-31,4424
United Kingdom,GBR,2020-06-07,3760
United Kingdom,GBR,2020-06-14,3004
United Kingdom,GBR,2020-06-21,2610
United Kingdom,GBR,2020-06-28,2283
United Kingdom,GBR,2020-07-05,1613
United Kingdom,GBR,2020-07-12,1307
United Kingdom,GBR,2020-07-19,1081
United Kingdom,GBR,2020-07-26,1000
United Kingdom,GBR,2020-08-02,848
United Kingdom,GBR,2020-08-09,843
United Kingdom,GBR,2020-08-16,712
United Kingdom,GBR,2020-08-23,695
United Kingdom,GBR,2020-08-30,822
United Kingdom,GBR,2020-09-06,937
United Kingdom,GBR,2020-09-13,1419
United Kingdom,GBR,2020-09-20,1884
United Kingdom,GBR,2020-09-27,2637
United Kingdom,GBR,2020-10-04,3546
United Kingdom,GBR,2020-10-11,4987
United Kingdom,GBR,2020-10-18,6954
United Kingdom,GBR,2020-10-25,8783
United Kingdom,GBR,2020-11-01,10407
United Kingdom,GBR,2020-11-08,11001
United Kingdom,GBR,2020-11-15,12427
United Kingdom,GBR,2020-11-22,11446
United Kingdom,GBR,2020-11-29,10003
United Kingdom,GBR,2020-12-06,10163
United Kingdom,GBR,2020-12-13,12185
United Kingdom,GBR,2020-12-20,14264
United Kingdom,GBR,2020-12-27,16784
United Kingdom,GBR,2021-01-03,23039
United Kingdom,GBR,2021-01-10,28792
United Kingdom,GBR,2021-01-17,28573
United Kingdom,GBR,2021-01-24,25509
United Kingdom,GBR,2021-01-31,19736
United Kingdom,GBR,2021-02-07,15322
United Kingdom,GBR,2021-02-14,11543
United Kingdom,GBR,2021-02-21,9251
United Kingdom,GBR,2021-02-28,6599
United Kingdom,GBR,2021-03-07,4842
United Kingdom,GBR,2021-03-14,3638
United Kingdom,GBR,2021-03-21,2937
United Kingdom,GBR,2021-03-28,2253
United Kingdom,GBR,2021-04-04,1663
United Kingdom,GBR,2021-04-11,1489
United Kingdom,GBR,2021-04-18,1199
United Kingdom,GBR,2021-04-25,1023
United Kingdom,GBR,2021-05-02,840
United Kingdom,GBR,2021-05-09,775
United Kingdom,GBR,2021-05-16,694
United Kingdom,GBR,2021-05-23,837
United Kingdom,GBR,2021-05-30,874
United Kingdom,GBR,2021-06-06,928
United Kingdom,GBR,2021-06-13,1328
United Kingdom,GBR,2021-06-20,1566
United Kingdom,GBR,2021-06-27,1747
United States,USA,2020-07-26,33617
United States,USA,2020-08-02,38404
United States,USA,2020-08-09,33269
United States,USA,2020-08-16,31647
United States,USA,2020-08-23,30314
United States,USA,2020-08-30,29882
United States,USA,2020-09-06,27109
United States,USA,2020-09-13,28434
United States,USA,2020-09-20,24031
United States,USA,2020-09-27,24948
United States,USA,2020-10-04,27619
United States,USA,2020-10-11,33704
United States,USA,2020-10-18,37070
United States,USA,2020-10-25,41430
United States,USA,2020-11-01,47126
United States,USA,2020-11-08,57446
United States,USA,2020-11-15,71692
United States,USA,2020-11-22,82573
United States,USA,2020-11-29,87431
United States,USA,2020-12-06,94993
United States,USA,2020-12-13,101646
United States,USA,2020-12-20,104949
United States,USA,2020-12-27,106297
United States,USA,2021-01-03,112158
United States,USA,2021-01-10,116323
United States,USA,2021-01-17,108933
United States,USA,2021-01-24,94573
United States,USA,2021-01-31,80644
United States,USA,2021-02-07,69413
United States,USA,2021-02-14,55870
United States,USA,2021-02-21,46506
United States,USA,2021-02-28,41785
United States,USA,2021-03-07,35613
United States,USA,2021-03-14,33713
United States,USA,2021-03-21,33036
United States,USA,2021-03-28,35037
United States,USA,2021-04-04,36173
United States,USA,2021-04-11,39219
United States,USA,2021-04-18,39943
United States,USA,2021-04-25,37177
United States,USA,2021-05-02,33772
United States,USA,2021-05-09,30244
United States,USA,2021-05-16,25868
United States,USA,2021-05-23,22872
United States,USA,2021-05-30,19975
United States,USA,2021-06-06,16365
United States,USA,2021-06-13,14823
United States,USA,2021-06-20,13410
United States,USA,2021-06-27,13380